order_date,pizza_id,quantity,seven_day_demand_forecast
01-01-2015,1,1,1
01-01-2015,2,1,1
01-01-2015,3,1,1
01-01-2015,4,1,1
01-01-2015,5,1,1
01-01-2015,6,1,1
01-01-2015,7,1,1
01-01-2015,8,1,1
01-01-2015,9,1,1
01-01-2015,10,1,1
01-01-2015,11,1,1
01-01-2015,12,1,1
01-01-2015,13,1,1
01-01-2015,14,1,1
01-01-2015,15,1,1
01-01-2015,16,1,1
01-01-2015,17,1,1
01-01-2015,18,1,1
01-01-2015,19,1,1
01-01-2015,20,1,1
01-01-2015,21,1,1
01-01-2015,22,1,1
01-01-2015,23,1,1
01-01-2015,24,1,1
01-01-2015,25,1,1
01-01-2015,26,1,1
01-01-2015,27,1,1
01-01-2015,28,1,1
01-01-2015,29,1,1
01-01-2015,30,1,1
01-01-2015,31,1,1
01-01-2015,32,1,1
01-01-2015,33,1,1
01-01-2015,34,1,1
01-01-2015,35,1,1
01-01-2015,36,1,1
01-01-2015,37,1,1
01-01-2015,38,1,1
01-01-2015,39,1,1
01-01-2015,40,1,1
01-01-2015,41,1,1
01-01-2015,42,1,1
01-01-2015,43,1,1
01-01-2015,44,1,1
01-01-2015,45,1,1
01-01-2015,46,1,1
01-01-2015,47,1,1
01-01-2015,48,1,1
01-01-2015,49,2,2
01-01-2015,50,1,1
01-01-2015,51,1,1
01-01-2015,52,1,1
01-01-2015,53,1,1
01-01-2015,54,1,1
01-01-2015,55,1,1
01-01-2015,56,1,1
01-01-2015,57,1,1
01-01-2015,58,1,1
01-01-2015,59,1,1
01-01-2015,60,1,1
01-01-2015,61,1,1
01-01-2015,62,1,1
01-01-2015,63,1,1
01-01-2015,64,1,1
01-01-2015,65,1,1
01-01-2015,66,1,1
01-01-2015,67,1,1
01-01-2015,68,1,1
01-01-2015,69,1,1
01-01-2015,70,1,1
01-01-2015,71,1,1
01-01-2015,72,1,1
01-01-2015,73,1,1
01-01-2015,74,1,1
01-01-2015,75,1,1
01-01-2015,76,1,1
01-01-2015,77,1,1
01-01-2015,78,1,1
01-01-2015,79,1,1
01-01-2015,80,1,1
01-01-2015,81,1,1
01-01-2015,82,1,1
01-01-2015,83,1,1
01-01-2015,84,1,1
01-01-2015,85,1,1
01-01-2015,86,1,1
01-01-2015,87,1,1
01-01-2015,88,1,1
01-01-2015,89,1,1
01-01-2015,90,1,1
01-01-2015,91,1,1
01-01-2015,92,1,1
01-01-2015,93,1,1
01-01-2015,94,1,1
01-01-2015,95,1,1
01-01-2015,96,1,1
01-01-2015,97,1,1
01-01-2015,98,1,1
01-01-2015,99,1,1
01-01-2015,100,1,1
01-01-2015,101,1,1
01-01-2015,102,1,1
01-01-2015,103,1,1
01-01-2015,104,1,1
01-01-2015,105,1,1
01-01-2015,106,1,1
01-01-2015,107,1,1
01-01-2015,108,1,1
01-01-2015,109,1,1
01-01-2015,110,1,1
01-01-2015,111,1,1
01-01-2015,112,1,1
01-01-2015,113,1,1
01-01-2015,114,1,1
01-01-2015,115,1,1
01-01-2015,116,1,1
01-01-2015,117,1,1
01-01-2015,118,1,1
01-01-2015,119,1,1
01-01-2015,120,1,1
01-01-2015,121,1,1
01-01-2015,123,1,1
01-01-2015,124,1,1
01-01-2015,125,1,1
01-01-2015,126,1,1
01-01-2015,127,1,1
01-01-2015,128,1,1
01-01-2015,129,1,1
01-01-2015,130,1,1
01-01-2015,131,1,1
01-01-2015,132,1,1
01-01-2015,133,1,1
01-01-2015,134,1,1
01-01-2015,135,1,1
01-01-2015,136,1,1
01-01-2015,137,1,1
01-01-2015,138,1,1
01-01-2015,139,1,1
01-01-2015,140,1,1
01-01-2015,141,1,1
01-01-2015,142,1,1
01-01-2015,143,1,1
01-01-2015,144,1,1
01-01-2015,145,1,1
01-01-2015,146,1,1
01-01-2015,147,1,1
01-01-2015,148,1,1
01-01-2015,149,1,1
01-01-2015,150,1,1
01-01-2015,151,1,1
01-01-2015,152,1,1
01-01-2015,153,1,1
01-01-2015,154,1,1
01-01-2015,155,1,1
01-01-2015,156,1,1
01-01-2015,157,1,1
01-01-2015,158,1,1
01-01-2015,159,1,1
01-01-2015,160,1,1
01-01-2015,161,1,1
02-01-2015,162,1,1
02-01-2015,163,1,1
02-01-2015,164,1,1
02-01-2015,165,1,1
02-01-2015,166,1,1
02-01-2015,167,1,1
02-01-2015,168,1,1
02-01-2015,169,1,1
02-01-2015,170,1,1
02-01-2015,171,1,1
02-01-2015,172,1,1
02-01-2015,173,1,1
02-01-2015,174,1,1
02-01-2015,175,1,1
02-01-2015,176,1,1
02-01-2015,177,1,1
02-01-2015,178,1,1
02-01-2015,179,1,1
02-01-2015,180,1,1
02-01-2015,181,1,1
02-01-2015,182,1,1
02-01-2015,183,1,1
02-01-2015,184,3,3
02-01-2015,185,1,1
02-01-2015,186,1,1
02-01-2015,187,1,1
02-01-2015,188,1,1
02-01-2015,189,1,1
02-01-2015,190,1,1
02-01-2015,191,1,1
02-01-2015,192,1,1
02-01-2015,193,1,1
02-01-2015,194,1,1
02-01-2015,195,1,1
02-01-2015,196,1,1
02-01-2015,197,1,1
02-01-2015,198,1,1
02-01-2015,199,1,1
02-01-2015,200,1,1
02-01-2015,201,1,1
02-01-2015,202,1,1
02-01-2015,203,1,1
02-01-2015,204,1,1
02-01-2015,205,1,1
02-01-2015,206,1,1
02-01-2015,207,1,1
02-01-2015,208,1,1
02-01-2015,209,1,1
02-01-2015,210,1,1
02-01-2015,211,1,1
02-01-2015,212,2,2
02-01-2015,213,1,1
02-01-2015,214,1,1
02-01-2015,215,1,1
02-01-2015,216,1,1
02-01-2015,217,1,1
02-01-2015,218,1,1
02-01-2015,219,1,1
02-01-2015,220,1,1
02-01-2015,221,1,1
02-01-2015,222,1,1
02-01-2015,223,2,2
02-01-2015,224,1,1
02-01-2015,225,1,1
02-01-2015,226,1,1
02-01-2015,227,1,1
02-01-2015,228,1,1
02-01-2015,229,1,1
02-01-2015,230,1,1
02-01-2015,231,1,1
02-01-2015,232,1,1
02-01-2015,233,1,1
02-01-2015,234,1,1
02-01-2015,235,1,1
02-01-2015,236,1,1
02-01-2015,237,1,1
02-01-2015,238,1,1
02-01-2015,239,1,1
02-01-2015,240,1,1
02-01-2015,241,1,1
02-01-2015,242,1,1
02-01-2015,243,1,1
02-01-2015,244,1,1
02-01-2015,245,1,1
02-01-2015,246,2,2
02-01-2015,247,1,1
02-01-2015,248,1,1
02-01-2015,249,1,1
02-01-2015,250,1,1
02-01-2015,251,1,1
02-01-2015,252,1,1
02-01-2015,253,1,1
02-01-2015,254,1,1
02-01-2015,255,1,1
02-01-2015,256,1,1
02-01-2015,257,1,1
02-01-2015,258,1,1
02-01-2015,259,1,1
02-01-2015,260,1,1
02-01-2015,261,1,1
02-01-2015,262,1,1
02-01-2015,263,1,1
02-01-2015,264,1,1
02-01-2015,265,1,1
02-01-2015,266,1,1
02-01-2015,267,1,1
02-01-2015,268,1,1
02-01-2015,269,1,1
02-01-2015,270,1,1
02-01-2015,271,1,1
02-01-2015,272,1,1
02-01-2015,273,1,1
02-01-2015,274,1,1
02-01-2015,275,1,1
02-01-2015,276,1,1
02-01-2015,277,1,1
02-01-2015,278,1,1
02-01-2015,279,1,1
02-01-2015,280,1,1
02-01-2015,281,1,1
02-01-2015,282,1,1
02-01-2015,283,1,1
02-01-2015,284,1,1
02-01-2015,285,1,1
02-01-2015,286,1,1
02-01-2015,287,1,1
02-01-2015,288,1,1
02-01-2015,289,1,1
02-01-2015,290,1,1
02-01-2015,291,1,1
02-01-2015,292,1,1
02-01-2015,293,1,1
02-01-2015,294,1,1
02-01-2015,295,1,1
02-01-2015,296,1,1
02-01-2015,297,1,1
02-01-2015,299,1,1
02-01-2015,300,1,1
02-01-2015,301,1,1
02-01-2015,302,1,1
02-01-2015,303,1,1
02-01-2015,304,1,1
02-01-2015,305,1,1
02-01-2015,306,1,1
02-01-2015,307,1,1
02-01-2015,308,1,1
02-01-2015,309,1,1
02-01-2015,310,1,1
02-01-2015,311,1,1
02-01-2015,312,1,1
02-01-2015,313,1,1
02-01-2015,314,1,1
02-01-2015,315,1,1
02-01-2015,316,1,1
02-01-2015,317,1,1
02-01-2015,318,1,1
02-01-2015,319,1,1
02-01-2015,320,1,1
02-01-2015,321,1,1
03-01-2015,322,1,1
03-01-2015,323,1,1
03-01-2015,324,1,1
03-01-2015,325,1,1
03-01-2015,326,1,1
03-01-2015,327,1,1
03-01-2015,328,1,1
03-01-2015,329,1,1
03-01-2015,330,1,1
03-01-2015,331,1,1
03-01-2015,332,1,1
03-01-2015,333,1,1
03-01-2015,334,1,1
03-01-2015,335,1,1
03-01-2015,336,1,1
03-01-2015,337,1,1
03-01-2015,338,1,1
03-01-2015,339,1,1
03-01-2015,340,1,1
03-01-2015,341,1,1
03-01-2015,342,3,3
03-01-2015,343,1,1
03-01-2015,344,1,1
03-01-2015,345,1,1
03-01-2015,346,1,1
03-01-2015,347,1,1
03-01-2015,348,1,1
03-01-2015,349,1,1
03-01-2015,350,1,1
03-01-2015,351,1,1
03-01-2015,352,1,1
03-01-2015,353,1,1
03-01-2015,354,1,1
03-01-2015,355,1,1
03-01-2015,356,1,1
03-01-2015,357,1,1
03-01-2015,359,1,1
03-01-2015,360,1,1
03-01-2015,361,1,1
03-01-2015,362,1,1
03-01-2015,363,1,1
03-01-2015,364,1,1
03-01-2015,365,1,1
03-01-2015,366,1,1
03-01-2015,367,1,1
03-01-2015,368,1,1
03-01-2015,369,1,1
03-01-2015,370,1,1
03-01-2015,371,1,1
03-01-2015,372,1,1
03-01-2015,373,1,1
03-01-2015,374,1,1
03-01-2015,375,1,1
03-01-2015,376,1,1
03-01-2015,377,1,1
03-01-2015,378,1,1
03-01-2015,379,1,1
03-01-2015,380,1,1
03-01-2015,381,1,1
03-01-2015,382,1,1
03-01-2015,383,1,1
03-01-2015,384,1,1
03-01-2015,385,1,1
03-01-2015,386,1,1
03-01-2015,388,1,1
03-01-2015,389,1,1
03-01-2015,390,1,1
03-01-2015,391,1,1
03-01-2015,392,1,1
03-01-2015,393,1,1
03-01-2015,394,1,1
03-01-2015,395,1,1
03-01-2015,396,1,1
03-01-2015,397,1,1
03-01-2015,398,1,1
03-01-2015,399,1,1
03-01-2015,400,1,1
03-01-2015,401,1,1
03-01-2015,402,1,1
03-01-2015,403,1,1
03-01-2015,404,1,1
03-01-2015,405,1,1
03-01-2015,406,1,1
03-01-2015,407,1,1
03-01-2015,408,1,1
03-01-2015,409,1,1
03-01-2015,410,1,1
03-01-2015,411,1,1
03-01-2015,412,1,1
03-01-2015,413,1,1
03-01-2015,414,1,1
03-01-2015,415,1,1
03-01-2015,416,1,1
03-01-2015,417,1,1
03-01-2015,418,1,1
03-01-2015,419,1,1
03-01-2015,420,1,1
03-01-2015,421,1,1
03-01-2015,422,1,1
03-01-2015,423,1,1
03-01-2015,424,1,1
03-01-2015,425,1,1
03-01-2015,426,1,1
03-01-2015,427,1,1
03-01-2015,428,1,1
03-01-2015,429,1,1
03-01-2015,430,1,1
03-01-2015,431,1,1
03-01-2015,432,1,1
03-01-2015,433,1,1
03-01-2015,434,1,1
03-01-2015,435,1,1
03-01-2015,436,1,1
03-01-2015,437,1,1
03-01-2015,438,1,1
03-01-2015,439,1,1
03-01-2015,440,1,1
03-01-2015,441,1,1
03-01-2015,442,1,1
03-01-2015,443,1,1
03-01-2015,444,1,1
03-01-2015,445,2,2
03-01-2015,446,1,1
03-01-2015,447,1,1
03-01-2015,448,1,1
03-01-2015,449,1,1
03-01-2015,450,1,1
03-01-2015,451,1,1
03-01-2015,452,1,1
03-01-2015,453,1,1
03-01-2015,454,1,1
03-01-2015,455,1,1
03-01-2015,456,1,1
03-01-2015,457,2,2
03-01-2015,458,1,1
03-01-2015,459,1,1
03-01-2015,460,1,1
03-01-2015,461,1,1
03-01-2015,462,1,1
03-01-2015,463,1,1
03-01-2015,464,1,1
03-01-2015,465,1,1
03-01-2015,466,1,1
03-01-2015,467,1,1
03-01-2015,468,1,1
03-01-2015,469,1,1
03-01-2015,471,1,1
03-01-2015,472,1,1
03-01-2015,473,1,1
03-01-2015,475,1,1
04-01-2015,476,1,1
04-01-2015,477,1,1
04-01-2015,478,1,1
04-01-2015,479,1,1
04-01-2015,480,1,1
04-01-2015,481,1,1
04-01-2015,482,1,1
04-01-2015,483,1,1
04-01-2015,484,1,1
04-01-2015,485,1,1
04-01-2015,486,1,1
04-01-2015,487,1,1
04-01-2015,488,1,1
04-01-2015,489,1,1
04-01-2015,490,1,1
04-01-2015,491,1,1
04-01-2015,492,1,1
04-01-2015,493,1,1
04-01-2015,494,1,1
04-01-2015,495,1,1
04-01-2015,496,1,1
04-01-2015,497,1,1
04-01-2015,498,1,1
04-01-2015,499,1,1
04-01-2015,500,1,1
04-01-2015,501,1,1
04-01-2015,502,1,1
04-01-2015,503,1,1
04-01-2015,504,1,1
04-01-2015,505,1,1
04-01-2015,506,1,1
04-01-2015,507,1,1
04-01-2015,508,1,1
04-01-2015,509,1,1
04-01-2015,510,1,1
04-01-2015,511,1,1
04-01-2015,512,1,1
04-01-2015,513,1,1
04-01-2015,514,1,1
04-01-2015,515,1,1
04-01-2015,516,1,1
04-01-2015,517,1,1
04-01-2015,518,1,1
04-01-2015,519,1,1
04-01-2015,520,1,1
04-01-2015,521,1,1
04-01-2015,522,1,1
04-01-2015,523,1,1
04-01-2015,524,1,1
04-01-2015,525,1,1
04-01-2015,526,1,1
04-01-2015,527,1,1
04-01-2015,528,1,1
04-01-2015,529,1,1
04-01-2015,530,1,1
04-01-2015,531,1,1
04-01-2015,532,1,1
04-01-2015,533,1,1
04-01-2015,534,1,1
04-01-2015,535,1,1
04-01-2015,536,1,1
04-01-2015,537,1,1
04-01-2015,538,1,1
04-01-2015,539,1,1
04-01-2015,540,1,1
04-01-2015,541,1,1
04-01-2015,542,1,1
04-01-2015,543,1,1
04-01-2015,544,1,1
04-01-2015,545,1,1
04-01-2015,546,1,1
04-01-2015,547,1,1
04-01-2015,548,1,1
04-01-2015,549,1,1
04-01-2015,550,1,1
04-01-2015,551,1,1
04-01-2015,552,1,1
04-01-2015,553,1,1
04-01-2015,554,1,1
04-01-2015,555,1,1
04-01-2015,556,1,1
04-01-2015,557,1,1
04-01-2015,558,1,1
04-01-2015,559,1,1
04-01-2015,560,1,1
04-01-2015,561,1,1
04-01-2015,562,1,1
04-01-2015,563,1,1
04-01-2015,564,1,1
04-01-2015,565,1,1
04-01-2015,566,1,1
04-01-2015,567,1,1
04-01-2015,568,1,1
04-01-2015,569,1,1
04-01-2015,570,1,1
04-01-2015,571,1,1
04-01-2015,572,1,1
04-01-2015,573,1,1
04-01-2015,574,1,1
04-01-2015,575,1,1
04-01-2015,576,1,1
04-01-2015,577,1,1
04-01-2015,578,1,1
04-01-2015,579,1,1
04-01-2015,580,1,1
04-01-2015,581,1,1
05-01-2015,582,1,1
05-01-2015,583,1,1
05-01-2015,584,1,1
05-01-2015,585,1,1
05-01-2015,586,1,1
05-01-2015,587,1,1
05-01-2015,588,1,1
05-01-2015,589,1,1
05-01-2015,590,1,1
05-01-2015,591,1,1
05-01-2015,592,1,1
05-01-2015,593,1,1
05-01-2015,594,1,1
05-01-2015,595,1,1
05-01-2015,596,1,1
05-01-2015,597,1,1
05-01-2015,598,1,1
05-01-2015,599,1,1
05-01-2015,600,1,1
05-01-2015,601,1,1
05-01-2015,602,1,1
05-01-2015,603,1,1
05-01-2015,604,1,1
05-01-2015,605,1,1
05-01-2015,606,1,1
05-01-2015,607,1,1
05-01-2015,608,1,1
05-01-2015,609,1,1
05-01-2015,610,1,1
05-01-2015,611,1,1
05-01-2015,612,2,2
05-01-2015,613,2,2
05-01-2015,614,2,2
05-01-2015,615,1,1
05-01-2015,616,1,1
05-01-2015,617,1,1
05-01-2015,618,1,1
05-01-2015,619,1,1
05-01-2015,620,1,1
05-01-2015,621,1,1
05-01-2015,622,1,1
05-01-2015,623,1,1
05-01-2015,624,1,1
05-01-2015,625,1,1
05-01-2015,626,1,1
05-01-2015,627,1,1
05-01-2015,628,1,1
05-01-2015,629,1,1
05-01-2015,630,1,1
05-01-2015,631,1,1
05-01-2015,632,1,1
05-01-2015,633,1,1
05-01-2015,634,1,1
05-01-2015,635,1,1
05-01-2015,636,1,1
05-01-2015,637,1,1
05-01-2015,638,1,1
05-01-2015,639,1,1
05-01-2015,640,1,1
05-01-2015,641,1,1
05-01-2015,642,1,1
05-01-2015,643,1,1
05-01-2015,644,1,1
05-01-2015,645,1,1
05-01-2015,646,1,1
05-01-2015,647,1,1
05-01-2015,648,1,1
05-01-2015,649,1,1
05-01-2015,650,1,1
05-01-2015,651,1,1
05-01-2015,652,1,1
05-01-2015,653,1,1
05-01-2015,654,1,1
05-01-2015,655,1,1
05-01-2015,656,1,1
05-01-2015,657,1,1
05-01-2015,658,1,1
05-01-2015,659,1,1
05-01-2015,660,1,1
05-01-2015,661,2,2
05-01-2015,662,1,1
05-01-2015,663,1,1
05-01-2015,664,1,1
05-01-2015,665,1,1
05-01-2015,666,1,1
05-01-2015,667,1,1
05-01-2015,668,1,1
05-01-2015,669,1,1
05-01-2015,670,1,1
05-01-2015,671,1,1
05-01-2015,672,1,1
05-01-2015,673,1,1
05-01-2015,674,1,1
05-01-2015,675,1,1
05-01-2015,676,1,1
05-01-2015,677,1,1
05-01-2015,678,1,1
05-01-2015,679,1,1
05-01-2015,680,1,1
05-01-2015,681,1,1
05-01-2015,682,1,1
05-01-2015,683,1,1
05-01-2015,684,1,1
05-01-2015,685,1,1
05-01-2015,686,1,1
05-01-2015,687,1,1
05-01-2015,688,1,1
05-01-2015,689,1,1
05-01-2015,690,1,1
05-01-2015,691,1,1
05-01-2015,692,1,1
05-01-2015,693,1,1
05-01-2015,694,1,1
05-01-2015,695,1,1
05-01-2015,696,1,1
05-01-2015,697,1,1
05-01-2015,698,1,1
05-01-2015,699,1,1
05-01-2015,700,1,1
05-01-2015,701,1,1
05-01-2015,702,1,1
06-01-2015,703,1,1
06-01-2015,704,1,1
06-01-2015,705,1,1
06-01-2015,706,1,1
06-01-2015,707,1,1
06-01-2015,708,1,1
06-01-2015,709,1,1
06-01-2015,710,1,1
06-01-2015,711,1,1
06-01-2015,712,1,1
06-01-2015,713,1,1
06-01-2015,714,1,1
06-01-2015,715,1,1
06-01-2015,716,1,1
06-01-2015,717,1,1
06-01-2015,718,1,1
06-01-2015,719,1,1
06-01-2015,720,1,1
06-01-2015,721,1,1
06-01-2015,722,1,1
06-01-2015,723,1,1
06-01-2015,724,1,1
06-01-2015,725,1,1
06-01-2015,726,1,1
06-01-2015,727,1,1
06-01-2015,728,1,1
06-01-2015,729,1,1
06-01-2015,730,1,1
06-01-2015,731,1,1
06-01-2015,732,1,1
06-01-2015,733,1,1
06-01-2015,734,1,1
06-01-2015,735,1,1
06-01-2015,736,1,1
06-01-2015,737,1,1
06-01-2015,738,1,1
06-01-2015,739,1,1
06-01-2015,740,1,1
06-01-2015,741,1,1
06-01-2015,742,1,1
06-01-2015,743,1,1
06-01-2015,744,1,1
06-01-2015,745,1,1
06-01-2015,746,1,1
06-01-2015,747,1,1
06-01-2015,748,1,1
06-01-2015,749,1,1
06-01-2015,750,1,1
06-01-2015,751,1,1
06-01-2015,752,1,1
06-01-2015,753,1,1
06-01-2015,754,1,1
06-01-2015,755,2,2
06-01-2015,756,1,1
06-01-2015,757,1,1
06-01-2015,758,1,1
06-01-2015,759,1,1
06-01-2015,760,1,1
06-01-2015,761,1,1
06-01-2015,762,1,1
06-01-2015,763,1,1
06-01-2015,764,1,1
06-01-2015,765,1,1
06-01-2015,766,1,1
06-01-2015,767,1,1
06-01-2015,768,1,1
06-01-2015,769,1,1
06-01-2015,770,1,1
06-01-2015,771,1,1
06-01-2015,772,1,1
06-01-2015,773,1,1
06-01-2015,774,1,1
06-01-2015,775,1,1
06-01-2015,776,1,1
06-01-2015,777,1,1
06-01-2015,778,1,1
06-01-2015,780,1,1
06-01-2015,781,1,1
06-01-2015,782,1,1
06-01-2015,783,1,1
06-01-2015,784,1,1
06-01-2015,785,1,1
06-01-2015,786,1,1
06-01-2015,787,1,1
06-01-2015,788,1,1
06-01-2015,789,1,1
06-01-2015,790,1,1
06-01-2015,791,1,1
06-01-2015,792,1,1
06-01-2015,793,1,1
06-01-2015,794,1,1
06-01-2015,795,1,1
06-01-2015,796,1,1
06-01-2015,797,1,1
06-01-2015,798,1,1
06-01-2015,799,1,1
06-01-2015,800,1,1
06-01-2015,801,1,1
06-01-2015,802,1,1
06-01-2015,803,2,2
06-01-2015,804,1,1
06-01-2015,805,1,1
06-01-2015,806,1,1
06-01-2015,807,1,1
06-01-2015,808,1,1
06-01-2015,809,1,1
06-01-2015,810,1,1
06-01-2015,811,1,1
06-01-2015,812,1,1
06-01-2015,813,1,1
06-01-2015,814,1,1
06-01-2015,815,1,1
06-01-2015,816,1,1
06-01-2015,817,1,1
06-01-2015,818,1,1
06-01-2015,819,1,1
06-01-2015,820,1,1
06-01-2015,821,1,1
06-01-2015,822,1,1
06-01-2015,823,1,1
06-01-2015,824,1,1
06-01-2015,825,1,1
06-01-2015,826,2,2
06-01-2015,827,1,1
06-01-2015,828,1,1
06-01-2015,829,1,1
06-01-2015,830,1,1
06-01-2015,831,1,1
06-01-2015,832,1,1
06-01-2015,834,1,1
06-01-2015,835,1,1
06-01-2015,836,1,1
06-01-2015,837,1,1
06-01-2015,838,1,1
06-01-2015,839,1,1
06-01-2015,840,1,1
06-01-2015,841,1,1
06-01-2015,842,1,1
06-01-2015,843,1,1
06-01-2015,844,1,1
06-01-2015,845,1,1
06-01-2015,846,1,1
07-01-2015,847,1,1
07-01-2015,848,1,1
07-01-2015,849,1,1
07-01-2015,850,1,1
07-01-2015,851,1,1
07-01-2015,852,1,1
07-01-2015,853,1,1
07-01-2015,855,1,1
07-01-2015,856,1,1
07-01-2015,857,1,1
07-01-2015,858,1,1
07-01-2015,859,1,1
07-01-2015,860,1,1
07-01-2015,861,1,1
07-01-2015,862,1,1
07-01-2015,863,1,1
07-01-2015,864,1,1
07-01-2015,865,1,1
07-01-2015,866,1,1
07-01-2015,867,1,1
07-01-2015,868,1,1
07-01-2015,869,1,1
07-01-2015,870,1,1
07-01-2015,871,1,1
07-01-2015,872,1,1
07-01-2015,873,1,1
07-01-2015,874,1,1
07-01-2015,875,1,1
07-01-2015,876,1,1
07-01-2015,877,1,1
07-01-2015,878,1,1
07-01-2015,879,1,1
07-01-2015,880,1,1
07-01-2015,881,1,1
07-01-2015,882,1,1
07-01-2015,883,1,1
07-01-2015,884,1,1
07-01-2015,885,1,1
07-01-2015,886,1,1
07-01-2015,887,1,1
07-01-2015,888,1,1
07-01-2015,889,1,1
07-01-2015,890,1,1
07-01-2015,891,2,2
07-01-2015,892,1,1
07-01-2015,893,1,1
07-01-2015,894,1,1
07-01-2015,895,1,1
07-01-2015,896,1,1
07-01-2015,897,1,1
07-01-2015,898,1,1
07-01-2015,899,1,1
07-01-2015,900,1,1
07-01-2015,901,1,1
07-01-2015,902,1,1
07-01-2015,903,3,3
07-01-2015,904,1,1
07-01-2015,905,1,1
07-01-2015,906,1,1
07-01-2015,907,1,1
07-01-2015,908,1,1
07-01-2015,909,1,1
07-01-2015,910,1,1
07-01-2015,911,1,1
07-01-2015,912,2,2
07-01-2015,913,1,1
07-01-2015,914,1,1
07-01-2015,915,1,1
07-01-2015,916,1,1
07-01-2015,917,1,1
07-01-2015,918,1,1
07-01-2015,919,1,1
07-01-2015,920,1,1
07-01-2015,921,1,1
07-01-2015,922,1,1
07-01-2015,923,1,1
07-01-2015,924,1,1
07-01-2015,925,1,1
07-01-2015,926,1,1
07-01-2015,927,1,1
07-01-2015,928,1,1
07-01-2015,929,1,1
07-01-2015,930,1,1
07-01-2015,931,1,1
07-01-2015,932,1,1
07-01-2015,933,1,1
07-01-2015,934,1,1
07-01-2015,935,1,1
07-01-2015,936,1,1
07-01-2015,937,1,1
07-01-2015,938,1,1
07-01-2015,939,2,2
07-01-2015,940,1,1
07-01-2015,942,1,1
07-01-2015,943,1,1
07-01-2015,944,1,1
07-01-2015,945,1,1
07-01-2015,946,1,1
07-01-2015,947,1,1
07-01-2015,948,1,1
07-01-2015,949,1,1
07-01-2015,950,1,1
07-01-2015,951,1,1
07-01-2015,952,1,1
07-01-2015,953,1,1
07-01-2015,954,1,1
07-01-2015,955,1,1
07-01-2015,956,1,1
07-01-2015,957,1,1
07-01-2015,958,1,1
07-01-2015,959,1,1
07-01-2015,960,1,1
07-01-2015,961,1,1
07-01-2015,962,1,1
07-01-2015,963,1,1
07-01-2015,964,1,1
07-01-2015,965,1,1
07-01-2015,966,1,1
07-01-2015,967,1,1
07-01-2015,968,1,1
07-01-2015,969,1,1
07-01-2015,970,1,1
07-01-2015,971,1,1
07-01-2015,972,1,1
07-01-2015,973,1,1
07-01-2015,974,1,1
07-01-2015,975,1,1
07-01-2015,976,1,1
07-01-2015,977,1,1
07-01-2015,978,1,1
07-01-2015,979,1,1
08-01-2015,980,1,1
08-01-2015,981,1,1
08-01-2015,982,1,1
08-01-2015,983,1,1
08-01-2015,984,1,1
08-01-2015,985,1,1
08-01-2015,986,1,1
08-01-2015,987,1,1
08-01-2015,988,1,1
08-01-2015,989,1,1
08-01-2015,990,1,1
08-01-2015,991,1,1
08-01-2015,992,1,1
08-01-2015,993,1,1
08-01-2015,994,1,1
08-01-2015,995,1,1
08-01-2015,996,1,1
08-01-2015,997,1,1
08-01-2015,998,1,1
08-01-2015,999,1,1
08-01-2015,1000,1,1
08-01-2015,1001,1,1
08-01-2015,1002,1,1
08-01-2015,1003,1,1
08-01-2015,1004,1,1
08-01-2015,1005,1,1
08-01-2015,1006,1,1
08-01-2015,1007,1,1
08-01-2015,1008,1,1
08-01-2015,1009,1,1
08-01-2015,1010,1,1
08-01-2015,1011,1,1
08-01-2015,1012,1,1
08-01-2015,1013,1,1
08-01-2015,1014,1,1
08-01-2015,1015,1,1
08-01-2015,1016,1,1
08-01-2015,1017,1,1
08-01-2015,1018,1,1
08-01-2015,1019,1,1
08-01-2015,1020,1,1
08-01-2015,1021,2,2
08-01-2015,1022,1,1
08-01-2015,1023,1,1
08-01-2015,1024,1,1
08-01-2015,1025,1,1
08-01-2015,1026,1,1
08-01-2015,1027,1,1
08-01-2015,1028,1,1
08-01-2015,1029,1,1
08-01-2015,1030,1,1
08-01-2015,1031,1,1
08-01-2015,1032,1,1
08-01-2015,1033,1,1
08-01-2015,1034,1,1
08-01-2015,1035,1,1
08-01-2015,1036,1,1
08-01-2015,1037,1,1
08-01-2015,1038,1,1
08-01-2015,1039,1,1
08-01-2015,1040,1,1
08-01-2015,1041,1,1
08-01-2015,1042,1,1
08-01-2015,1043,1,1
08-01-2015,1044,1,1
08-01-2015,1045,1,1
08-01-2015,1046,1,1
08-01-2015,1047,1,1
08-01-2015,1048,1,1
08-01-2015,1049,1,1
08-01-2015,1050,1,1
08-01-2015,1051,1,1
08-01-2015,1052,1,1
08-01-2015,1053,1,1
08-01-2015,1054,1,1
08-01-2015,1055,1,1
08-01-2015,1056,1,1
08-01-2015,1057,1,1
08-01-2015,1058,1,1
08-01-2015,1059,1,1
08-01-2015,1060,1,1
08-01-2015,1061,1,1
08-01-2015,1062,1,1
08-01-2015,1063,1,1
08-01-2015,1064,1,1
08-01-2015,1065,1,1
08-01-2015,1066,1,1
08-01-2015,1067,1,1
08-01-2015,1068,1,1
08-01-2015,1069,1,1
08-01-2015,1070,1,1
08-01-2015,1071,1,1
08-01-2015,1072,1,1
08-01-2015,1073,1,1
08-01-2015,1074,1,1
08-01-2015,1075,1,1
08-01-2015,1077,1,1
08-01-2015,1078,1,1
08-01-2015,1079,1,1
08-01-2015,1080,1,1
08-01-2015,1081,1,1
08-01-2015,1082,1,1
08-01-2015,1083,1,1
08-01-2015,1084,1,1
08-01-2015,1085,1,1
08-01-2015,1086,1,1
08-01-2015,1087,1,1
08-01-2015,1088,1,1
08-01-2015,1089,1,1
08-01-2015,1090,1,1
08-01-2015,1091,1,1
08-01-2015,1092,1,1
08-01-2015,1093,1,1
08-01-2015,1094,1,1
08-01-2015,1095,1,1
08-01-2015,1096,1,1
08-01-2015,1097,1,1
08-01-2015,1098,1,1
08-01-2015,1099,1,1
08-01-2015,1100,1,1
08-01-2015,1101,2,2
08-01-2015,1102,1,1
08-01-2015,1103,1,1
08-01-2015,1104,1,1
08-01-2015,1105,1,1
08-01-2015,1106,1,1
08-01-2015,1107,1,1
08-01-2015,1108,1,1
08-01-2015,1109,1,1
08-01-2015,1110,1,1
08-01-2015,1111,1,1
08-01-2015,1112,1,1
08-01-2015,1113,1,1
08-01-2015,1114,1,1
08-01-2015,1115,1,1
08-01-2015,1116,1,1
08-01-2015,1117,1,1
08-01-2015,1118,1,1
08-01-2015,1119,1,1
08-01-2015,1120,1,1
08-01-2015,1121,1,1
08-01-2015,1122,1,1
08-01-2015,1123,1,1
08-01-2015,1124,1,1
08-01-2015,1125,1,1
08-01-2015,1126,1,1
08-01-2015,1127,1,1
08-01-2015,1128,1,1
08-01-2015,1129,1,1
08-01-2015,1130,1,1
08-01-2015,1131,1,1
08-01-2015,1132,1,1
08-01-2015,1133,1,1
08-01-2015,1134,1,1
08-01-2015,1135,1,1
08-01-2015,1136,1,1
08-01-2015,1137,1,1
08-01-2015,1138,1,1
08-01-2015,1139,1,1
08-01-2015,1140,1,1
08-01-2015,1141,1,1
08-01-2015,1142,1,1
08-01-2015,1143,1,1
08-01-2015,1144,1,1
08-01-2015,1145,1,1
08-01-2015,1146,1,1
08-01-2015,1147,1,1
08-01-2015,1148,1,1
08-01-2015,1149,1,1
08-01-2015,1150,1,1
09-01-2015,1151,1,1
09-01-2015,1152,1,1
09-01-2015,1153,1,1
09-01-2015,1154,1,1
09-01-2015,1156,1,1
09-01-2015,1157,1,1
09-01-2015,1158,1,1
09-01-2015,1159,1,1
09-01-2015,1160,1,1
09-01-2015,1161,1,1
09-01-2015,1162,1,1
09-01-2015,1163,1,1
09-01-2015,1164,1,1
09-01-2015,1165,1,1
09-01-2015,1166,1,1
09-01-2015,1167,1,1
09-01-2015,1168,1,1
09-01-2015,1169,1,1
09-01-2015,1170,1,1
09-01-2015,1171,1,1
09-01-2015,1172,1,1
09-01-2015,1173,1,1
09-01-2015,1174,1,1
09-01-2015,1175,1,1
09-01-2015,1176,1,1
09-01-2015,1177,1,1
09-01-2015,1178,1,1
09-01-2015,1179,1,1
09-01-2015,1180,1,1
09-01-2015,1181,1,1
09-01-2015,1182,1,1
09-01-2015,1183,1,1
09-01-2015,1184,1,1
09-01-2015,1185,1,1
09-01-2015,1186,1,1
09-01-2015,1187,1,1
09-01-2015,1188,2,2
09-01-2015,1189,1,1
09-01-2015,1190,2,2
09-01-2015,1191,1,1
09-01-2015,1192,1,1
09-01-2015,1193,1,1
09-01-2015,1194,1,1
09-01-2015,1195,1,1
09-01-2015,1196,1,1
09-01-2015,1197,1,1
09-01-2015,1198,1,1
09-01-2015,1199,1,1
09-01-2015,1200,1,1
09-01-2015,1201,1,1
09-01-2015,1202,1,1
09-01-2015,1203,1,1
09-01-2015,1204,1,1
09-01-2015,1205,2,2
09-01-2015,1206,1,1
09-01-2015,1207,1,1
09-01-2015,1208,1,1
09-01-2015,1209,2,2
09-01-2015,1210,1,1
09-01-2015,1211,1,1
09-01-2015,1212,1,1
09-01-2015,1213,1,1
09-01-2015,1215,1,1
09-01-2015,1216,1,1
09-01-2015,1217,1,1
09-01-2015,1218,1,1
09-01-2015,1219,1,1
09-01-2015,1220,1,1
09-01-2015,1221,1,1
09-01-2015,1222,1,1
09-01-2015,1223,1,1
09-01-2015,1224,1,1
09-01-2015,1225,1,1
09-01-2015,1226,1,1
09-01-2015,1227,1,1
09-01-2015,1228,1,1
09-01-2015,1229,1,1
09-01-2015,1230,1,1
09-01-2015,1231,1,1
09-01-2015,1232,1,1
09-01-2015,1233,1,1
09-01-2015,1234,1,1
09-01-2015,1235,1,1
09-01-2015,1236,1,1
09-01-2015,1237,1,1
09-01-2015,1238,1,1
09-01-2015,1239,1,1
09-01-2015,1240,1,1
09-01-2015,1241,1,1
09-01-2015,1242,1,1
09-01-2015,1243,1,1
09-01-2015,1244,1,1
09-01-2015,1245,1,1
09-01-2015,1246,1,1
09-01-2015,1247,1,1
09-01-2015,1248,1,1
09-01-2015,1249,1,1
09-01-2015,1250,1,1
09-01-2015,1251,1,1
09-01-2015,1252,1,1
09-01-2015,1253,1,1
09-01-2015,1254,1,1
09-01-2015,1255,1,1
09-01-2015,1256,1,1
09-01-2015,1257,1,1
09-01-2015,1258,1,1
09-01-2015,1259,1,1
09-01-2015,1261,1,1
09-01-2015,1262,1,1
09-01-2015,1263,1,1
09-01-2015,1264,1,1
09-01-2015,1265,1,1
09-01-2015,1266,1,1
09-01-2015,1267,1,1
09-01-2015,1268,1,1
09-01-2015,1269,1,1
09-01-2015,1270,1,1
09-01-2015,1271,1,1
09-01-2015,1272,1,1
09-01-2015,1273,1,1
10-01-2015,1274,1,1
10-01-2015,1275,1,1
10-01-2015,1276,1,1
10-01-2015,1277,2,2
10-01-2015,1278,1,1
10-01-2015,1279,1,1
10-01-2015,1280,1,1
10-01-2015,1281,1,1
10-01-2015,1282,1,1
10-01-2015,1283,1,1
10-01-2015,1284,1,1
10-01-2015,1285,1,1
10-01-2015,1286,1,1
10-01-2015,1287,1,1
10-01-2015,1288,1,1
10-01-2015,1289,1,1
10-01-2015,1290,1,1
10-01-2015,1291,1,1
10-01-2015,1292,1,1
10-01-2015,1293,1,1
10-01-2015,1294,1,1
10-01-2015,1295,1,1
10-01-2015,1296,1,1
10-01-2015,1297,1,1
10-01-2015,1298,1,1
10-01-2015,1299,1,1
10-01-2015,1300,1,1
10-01-2015,1301,1,1
10-01-2015,1302,1,1
10-01-2015,1303,1,1
10-01-2015,1304,1,1
10-01-2015,1305,1,1
10-01-2015,1306,1,1
10-01-2015,1307,1,1
10-01-2015,1308,1,1
10-01-2015,1309,1,1
10-01-2015,1311,1,1
10-01-2015,1312,1,1
10-01-2015,1313,1,1
10-01-2015,1314,1,1
10-01-2015,1315,1,1
10-01-2015,1316,1,1
10-01-2015,1317,1,1
10-01-2015,1318,1,1
10-01-2015,1319,1,1
10-01-2015,1320,1,1
10-01-2015,1321,1,1
10-01-2015,1322,1,1
10-01-2015,1323,1,1
10-01-2015,1324,1,1
10-01-2015,1325,1,1
10-01-2015,1326,1,1
10-01-2015,1327,1,1
10-01-2015,1328,1,1
10-01-2015,1329,1,1
10-01-2015,1330,1,1
10-01-2015,1331,1,1
10-01-2015,1332,1,1
10-01-2015,1333,1,1
10-01-2015,1334,1,1
10-01-2015,1335,1,1
10-01-2015,1336,1,1
10-01-2015,1337,1,1
10-01-2015,1338,1,1
10-01-2015,1339,1,1
10-01-2015,1340,1,1
10-01-2015,1341,1,1
10-01-2015,1342,1,1
10-01-2015,1343,1,1
10-01-2015,1344,1,1
10-01-2015,1345,1,1
10-01-2015,1346,1,1
10-01-2015,1347,1,1
10-01-2015,1348,1,1
10-01-2015,1349,1,1
10-01-2015,1350,1,1
10-01-2015,1351,1,1
10-01-2015,1352,1,1
10-01-2015,1353,1,1
10-01-2015,1354,1,1
10-01-2015,1355,1,1
10-01-2015,1356,1,1
10-01-2015,1357,1,1
10-01-2015,1358,1,1
10-01-2015,1359,1,1
10-01-2015,1361,1,1
10-01-2015,1362,1,1
10-01-2015,1363,1,1
10-01-2015,1364,1,1
10-01-2015,1365,1,1
10-01-2015,1366,1,1
10-01-2015,1367,1,1
10-01-2015,1368,1,1
10-01-2015,1369,1,1
10-01-2015,1370,1,1
10-01-2015,1371,1,1
10-01-2015,1372,1,1
10-01-2015,1373,1,1
10-01-2015,1374,1,1
10-01-2015,1376,1,1
10-01-2015,1377,1,1
10-01-2015,1378,1,1
10-01-2015,1379,1,1
10-01-2015,1380,1,1
10-01-2015,1381,1,1
10-01-2015,1382,1,1
10-01-2015,1383,1,1
10-01-2015,1384,1,1
10-01-2015,1385,1,1
10-01-2015,1386,1,1
10-01-2015,1387,1,1
10-01-2015,1388,1,1
10-01-2015,1389,1,1
10-01-2015,1390,1,1
10-01-2015,1391,1,1
10-01-2015,1392,1,1
10-01-2015,1393,1,1
10-01-2015,1394,1,1
10-01-2015,1395,1,1
10-01-2015,1396,1,1
10-01-2015,1397,1,1
10-01-2015,1398,1,1
10-01-2015,1399,1,1
10-01-2015,1400,1,1
10-01-2015,1401,1,1
10-01-2015,1402,1,1
10-01-2015,1403,1,1
10-01-2015,1404,1,1
10-01-2015,1405,1,1
10-01-2015,1406,1,1
10-01-2015,1407,1,1
10-01-2015,1408,1,1
10-01-2015,1409,1,1
10-01-2015,1410,1,1
10-01-2015,1411,1,1
10-01-2015,1412,1,1
10-01-2015,1413,1,1
10-01-2015,1414,1,1
10-01-2015,1415,1,1
10-01-2015,1416,1,1
10-01-2015,1417,1,1
10-01-2015,1418,1,1
11-01-2015,1419,1,1
11-01-2015,1420,1,1
11-01-2015,1421,1,1
11-01-2015,1422,1,1
11-01-2015,1423,1,1
11-01-2015,1424,1,1
11-01-2015,1425,1,1
11-01-2015,1426,1,1
11-01-2015,1427,2,2
11-01-2015,1428,1,1
11-01-2015,1429,1,1
11-01-2015,1430,1,1
11-01-2015,1431,1,1
11-01-2015,1432,1,1
11-01-2015,1433,1,1
11-01-2015,1434,1,1
11-01-2015,1435,1,1
11-01-2015,1436,1,1
11-01-2015,1437,1,1
11-01-2015,1438,1,1
11-01-2015,1439,1,1
11-01-2015,1440,1,1
11-01-2015,1441,1,1
11-01-2015,1442,1,1
11-01-2015,1443,1,1
11-01-2015,1444,1,1
11-01-2015,1445,1,1
11-01-2015,1446,1,1
11-01-2015,1447,1,1
11-01-2015,1448,1,1
11-01-2015,1449,1,1
11-01-2015,1450,1,1
11-01-2015,1451,1,1
11-01-2015,1452,1,1
11-01-2015,1453,1,1
11-01-2015,1454,1,1
11-01-2015,1455,1,1
11-01-2015,1456,1,1
11-01-2015,1457,1,1
11-01-2015,1458,1,1
11-01-2015,1459,1,1
11-01-2015,1460,1,1
11-01-2015,1461,1,1
11-01-2015,1462,1,1
11-01-2015,1463,1,1
11-01-2015,1464,1,1
11-01-2015,1465,1,1
11-01-2015,1466,1,1
11-01-2015,1467,1,1
11-01-2015,1468,1,1
11-01-2015,1469,1,1
11-01-2015,1470,1,1
11-01-2015,1471,1,1
11-01-2015,1472,1,1
11-01-2015,1473,1,1
11-01-2015,1474,1,1
11-01-2015,1475,1,1
11-01-2015,1476,1,1
11-01-2015,1477,1,1
11-01-2015,1478,1,1
11-01-2015,1479,1,1
11-01-2015,1480,1,1
11-01-2015,1481,1,1
11-01-2015,1482,1,1
11-01-2015,1483,1,1
11-01-2015,1484,1,1
11-01-2015,1485,1,1
11-01-2015,1486,1,1
11-01-2015,1487,1,1
11-01-2015,1488,1,1
11-01-2015,1489,1,1
11-01-2015,1490,1,1
11-01-2015,1491,1,1
11-01-2015,1492,1,1
11-01-2015,1493,1,1
11-01-2015,1494,1,1
11-01-2015,1495,1,1
11-01-2015,1496,1,1
11-01-2015,1497,1,1
11-01-2015,1498,1,1
11-01-2015,1499,1,1
11-01-2015,1500,1,1
11-01-2015,1501,1,1
11-01-2015,1502,1,1
11-01-2015,1503,1,1
11-01-2015,1504,1,1
11-01-2015,1505,1,1
11-01-2015,1506,1,1
11-01-2015,1507,1,1
11-01-2015,1508,1,1
11-01-2015,1509,1,1
11-01-2015,1510,1,1
11-01-2015,1511,1,1
11-01-2015,1512,1,1
11-01-2015,1513,1,1
11-01-2015,1514,1,1
11-01-2015,1515,1,1
11-01-2015,1516,1,1
11-01-2015,1517,1,1
11-01-2015,1518,1,1
11-01-2015,1519,1,1
11-01-2015,1520,1,1
11-01-2015,1521,1,1
11-01-2015,1522,1,1
11-01-2015,1523,1,1
11-01-2015,1524,1,1
11-01-2015,1525,2,2
11-01-2015,1526,1,1
11-01-2015,1527,1,1
11-01-2015,1528,1,1
11-01-2015,1529,1,1
11-01-2015,1530,1,1
11-01-2015,1531,1,1
11-01-2015,1532,1,1
12-01-2015,1533,1,1
12-01-2015,1534,1,1
12-01-2015,1535,1,1
12-01-2015,1536,1,1
12-01-2015,1537,1,1
12-01-2015,1538,1,1
12-01-2015,1539,1,1
12-01-2015,1540,1,1
12-01-2015,1541,1,1
12-01-2015,1542,1,1
12-01-2015,1543,1,1
12-01-2015,1544,1,1
12-01-2015,1545,1,1
12-01-2015,1546,1,1
12-01-2015,1547,1,1
12-01-2015,1548,1,1
12-01-2015,1549,1,1
12-01-2015,1550,1,1
12-01-2015,1551,1,1
12-01-2015,1552,1,1
12-01-2015,1553,1,1
12-01-2015,1554,1,1
12-01-2015,1555,1,1
12-01-2015,1556,1,1
12-01-2015,1557,1,1
12-01-2015,1558,1,1
12-01-2015,1559,1,1
12-01-2015,1560,1,1
12-01-2015,1561,1,1
12-01-2015,1562,1,1
12-01-2015,1563,1,1
12-01-2015,1564,1,1
12-01-2015,1565,1,1
12-01-2015,1566,1,1
12-01-2015,1567,1,1
12-01-2015,1568,1,1
12-01-2015,1569,1,1
12-01-2015,1570,1,1
12-01-2015,1571,1,1
12-01-2015,1572,1,1
12-01-2015,1573,1,1
12-01-2015,1574,1,1
12-01-2015,1575,1,1
12-01-2015,1576,1,1
12-01-2015,1577,1,1
12-01-2015,1578,1,1
12-01-2015,1579,1,1
12-01-2015,1580,1,1
12-01-2015,1581,1,1
12-01-2015,1582,1,1
12-01-2015,1583,1,1
12-01-2015,1584,1,1
12-01-2015,1585,1,1
12-01-2015,1586,1,1
12-01-2015,1587,1,1
12-01-2015,1588,1,1
12-01-2015,1589,1,1
12-01-2015,1591,1,1
12-01-2015,1592,1,1
12-01-2015,1593,1,1
12-01-2015,1594,1,1
12-01-2015,1595,1,1
12-01-2015,1596,1,1
12-01-2015,1597,1,1
12-01-2015,1598,1,1
12-01-2015,1599,1,1
12-01-2015,1600,1,1
12-01-2015,1601,1,1
12-01-2015,1602,1,1
12-01-2015,1603,1,1
12-01-2015,1604,1,1
12-01-2015,1605,1,1
12-01-2015,1606,1,1
12-01-2015,1607,1,1
12-01-2015,1608,1,1
12-01-2015,1609,1,1
12-01-2015,1610,1,1
12-01-2015,1611,1,1
12-01-2015,1612,1,1
12-01-2015,1613,1,1
12-01-2015,1614,1,1
12-01-2015,1615,1,1
12-01-2015,1616,1,1
12-01-2015,1617,1,1
12-01-2015,1618,1,1
12-01-2015,1619,1,1
12-01-2015,1620,1,1
12-01-2015,1621,1,1
12-01-2015,1622,1,1
12-01-2015,1623,1,1
12-01-2015,1624,2,2
12-01-2015,1625,1,1
12-01-2015,1626,1,1
12-01-2015,1627,1,1
12-01-2015,1629,1,1
12-01-2015,1630,1,1
12-01-2015,1631,1,1
12-01-2015,1632,1,1
12-01-2015,1633,1,1
12-01-2015,1634,1,1
12-01-2015,1635,1,1
12-01-2015,1636,1,1
12-01-2015,1637,1,1
12-01-2015,1638,1,1
12-01-2015,1639,1,1
12-01-2015,1640,1,1
12-01-2015,1641,1,1
12-01-2015,1642,1,1
12-01-2015,1643,1,1
12-01-2015,1644,1,1
12-01-2015,1645,1,1
12-01-2015,1646,1,1
12-01-2015,1647,1,1
12-01-2015,1648,1,1
12-01-2015,1649,1,1
12-01-2015,1650,1,1
13-01-2015,1651,1,1
13-01-2015,1652,1,1
13-01-2015,1653,1,1
13-01-2015,1654,1,1
13-01-2015,1655,1,1
13-01-2015,1656,1,1
13-01-2015,1657,2,2
13-01-2015,1658,1,1
13-01-2015,1659,2,2
13-01-2015,1660,1,1
13-01-2015,1661,1,1
13-01-2015,1662,1,1
13-01-2015,1663,1,1
13-01-2015,1664,1,1
13-01-2015,1665,1,1
13-01-2015,1666,1,1
13-01-2015,1668,1,1
13-01-2015,1669,1,1
13-01-2015,1670,1,1
13-01-2015,1671,1,1
13-01-2015,1672,1,1
13-01-2015,1673,1,1
13-01-2015,1674,1,1
13-01-2015,1675,1,1
13-01-2015,1676,1,1
13-01-2015,1677,1,1
13-01-2015,1678,1,1
13-01-2015,1679,1,1
13-01-2015,1680,1,1
13-01-2015,1681,1,1
13-01-2015,1682,1,1
13-01-2015,1683,1,1
13-01-2015,1684,1,1
13-01-2015,1685,1,1
13-01-2015,1686,1,1
13-01-2015,1687,1,1
13-01-2015,1688,1,1
13-01-2015,1689,1,1
13-01-2015,1690,1,1
13-01-2015,1691,1,1
13-01-2015,1692,1,1
13-01-2015,1693,1,1
13-01-2015,1694,1,1
13-01-2015,1695,1,1
13-01-2015,1696,1,1
13-01-2015,1697,1,1
13-01-2015,1698,1,1
13-01-2015,1699,1,1
13-01-2015,1700,1,1
13-01-2015,1701,1,1
13-01-2015,1702,1,1
13-01-2015,1703,1,1
13-01-2015,1704,1,1
13-01-2015,1705,1,1
13-01-2015,1706,1,1
13-01-2015,1707,1,1
13-01-2015,1708,1,1
13-01-2015,1709,1,1
13-01-2015,1710,1,1
13-01-2015,1711,1,1
13-01-2015,1712,1,1
13-01-2015,1713,1,1
13-01-2015,1714,1,1
13-01-2015,1715,1,1
13-01-2015,1716,1,1
13-01-2015,1718,1,1
13-01-2015,1719,1,1
13-01-2015,1721,1,1
13-01-2015,1722,1,1
13-01-2015,1723,1,1
13-01-2015,1724,1,1
13-01-2015,1725,1,1
13-01-2015,1726,1,1
13-01-2015,1727,1,1
13-01-2015,1728,1,1
13-01-2015,1729,1,1
13-01-2015,1730,1,1
13-01-2015,1731,1,1
13-01-2015,1732,1,1
13-01-2015,1733,1,1
13-01-2015,1734,1,1
13-01-2015,1735,1,1
13-01-2015,1736,1,1
13-01-2015,1737,1,1
13-01-2015,1738,1,1
13-01-2015,1739,1,1
13-01-2015,1740,1,1
13-01-2015,1741,1,1
13-01-2015,1742,1,1
13-01-2015,1743,1,1
13-01-2015,1744,1,1
13-01-2015,1745,2,2
13-01-2015,1746,1,1
13-01-2015,1747,1,1
13-01-2015,1748,1,1
13-01-2015,1749,1,1
13-01-2015,1750,1,1
13-01-2015,1751,1,1
13-01-2015,1752,1,1
13-01-2015,1753,1,1
13-01-2015,1754,1,1
13-01-2015,1755,1,1
13-01-2015,1756,1,1
13-01-2015,1757,1,1
13-01-2015,1758,1,1
13-01-2015,1759,1,1
13-01-2015,1760,1,1
13-01-2015,1761,1,1
13-01-2015,1762,1,1
13-01-2015,1763,1,1
13-01-2015,1764,1,1
13-01-2015,1765,1,1
13-01-2015,1766,1,1
13-01-2015,1767,1,1
14-01-2015,1768,1,1
14-01-2015,1769,1,1
14-01-2015,1770,1,1
14-01-2015,1771,1,1
14-01-2015,1772,1,1
14-01-2015,1773,1,1
14-01-2015,1774,1,1
14-01-2015,1775,1,1
14-01-2015,1776,1,1
14-01-2015,1777,1,1
14-01-2015,1778,1,1
14-01-2015,1779,1,1
14-01-2015,1780,1,1
14-01-2015,1781,1,1
14-01-2015,1782,1,1
14-01-2015,1783,1,1
14-01-2015,1784,2,2
14-01-2015,1785,1,1
14-01-2015,1786,1,1
14-01-2015,1787,1,1
14-01-2015,1788,1,1
14-01-2015,1789,1,1
14-01-2015,1790,1,1
14-01-2015,1791,1,1
14-01-2015,1792,1,1
14-01-2015,1793,1,1
14-01-2015,1794,1,1
14-01-2015,1795,1,1
14-01-2015,1796,1,1
14-01-2015,1797,1,1
14-01-2015,1798,1,1
14-01-2015,1799,1,1
14-01-2015,1800,2,2
14-01-2015,1801,1,1
14-01-2015,1802,1,1
14-01-2015,1803,1,1
14-01-2015,1804,2,2
14-01-2015,1805,1,1
14-01-2015,1806,1,1
14-01-2015,1807,1,1
14-01-2015,1808,1,1
14-01-2015,1809,1,1
14-01-2015,1810,1,1
14-01-2015,1811,1,1
14-01-2015,1812,2,2
14-01-2015,1813,1,1
14-01-2015,1814,1,1
14-01-2015,1815,1,1
14-01-2015,1816,1,1
14-01-2015,1817,1,1
14-01-2015,1818,1,1
14-01-2015,1819,1,1
14-01-2015,1820,1,1
14-01-2015,1821,1,1
14-01-2015,1822,1,1
14-01-2015,1823,1,1
14-01-2015,1824,1,1
14-01-2015,1825,1,1
14-01-2015,1826,2,2
14-01-2015,1827,1,1
14-01-2015,1828,1,1
14-01-2015,1829,1,1
14-01-2015,1830,1,1
14-01-2015,1831,1,1
14-01-2015,1832,1,1
14-01-2015,1833,1,1
14-01-2015,1834,1,1
14-01-2015,1835,1,1
14-01-2015,1836,1,1
14-01-2015,1837,1,1
14-01-2015,1838,1,1
14-01-2015,1839,1,1
14-01-2015,1840,1,1
14-01-2015,1841,1,1
14-01-2015,1842,1,1
14-01-2015,1843,1,1
14-01-2015,1844,1,1
14-01-2015,1845,1,1
14-01-2015,1846,1,1
14-01-2015,1847,1,1
14-01-2015,1848,1,1
14-01-2015,1849,1,1
14-01-2015,1850,1,1
14-01-2015,1852,1,1
14-01-2015,1853,1,1
14-01-2015,1854,1,1
14-01-2015,1855,1,1
14-01-2015,1856,1,1
14-01-2015,1857,1,1
14-01-2015,1858,1,1
14-01-2015,1859,1,1
14-01-2015,1860,1,1
14-01-2015,1861,1,1
14-01-2015,1862,1,1
14-01-2015,1863,1,1
14-01-2015,1864,1,1
14-01-2015,1865,1,1
14-01-2015,1866,1,1
14-01-2015,1867,1,1
14-01-2015,1868,1,1
14-01-2015,1869,1,1
14-01-2015,1870,1,1
14-01-2015,1871,1,1
14-01-2015,1872,1,1
14-01-2015,1873,1,1
14-01-2015,1874,1,1
14-01-2015,1875,1,1
14-01-2015,1876,1,1
14-01-2015,1877,1,1
14-01-2015,1878,1,1
14-01-2015,1879,1,1
14-01-2015,1880,1,1
14-01-2015,1881,1,1
14-01-2015,1882,1,1
14-01-2015,1883,1,1
14-01-2015,1884,1,1
14-01-2015,1885,1,1
14-01-2015,1886,1,1
14-01-2015,1887,1,1
14-01-2015,1888,1,1
14-01-2015,1889,1,1
14-01-2015,1890,1,1
14-01-2015,1891,1,1
14-01-2015,1892,1,1
14-01-2015,1894,1,1
14-01-2015,1895,1,1
14-01-2015,1896,1,1
14-01-2015,1897,1,1
14-01-2015,1898,2,2
14-01-2015,1899,1,1
14-01-2015,1900,1,1
14-01-2015,1901,1,1
14-01-2015,1902,1,1
14-01-2015,1903,1,1
14-01-2015,1904,1,1
14-01-2015,1905,1,1
14-01-2015,1906,1,1
14-01-2015,1907,1,1
14-01-2015,1908,1,1
14-01-2015,1909,1,1
14-01-2015,1910,1,1
14-01-2015,1911,1,1
15-01-2015,1912,1,1
15-01-2015,1913,1,1
15-01-2015,1914,1,1
15-01-2015,1915,1,1
15-01-2015,1916,1,1
15-01-2015,1917,1,1
15-01-2015,1918,1,1
15-01-2015,1919,1,1
15-01-2015,1920,1,1
15-01-2015,1921,1,1
15-01-2015,1922,1,1
15-01-2015,1923,1,1
15-01-2015,1924,1,1
15-01-2015,1925,1,1
15-01-2015,1926,1,1
15-01-2015,1927,1,1
15-01-2015,1928,1,1
15-01-2015,1929,1,1
15-01-2015,1930,1,1
15-01-2015,1931,1,1
15-01-2015,1932,1,1
15-01-2015,1933,1,1
15-01-2015,1934,1,1
15-01-2015,1935,1,1
15-01-2015,1936,1,1
15-01-2015,1937,1,1
15-01-2015,1938,1,1
15-01-2015,1939,1,1
15-01-2015,1940,1,1
15-01-2015,1941,1,1
15-01-2015,1942,1,1
15-01-2015,1943,1,1
15-01-2015,1944,1,1
15-01-2015,1945,1,1
15-01-2015,1946,1,1
15-01-2015,1947,1,1
15-01-2015,1948,1,1
15-01-2015,1949,1,1
15-01-2015,1950,1,1
15-01-2015,1951,1,1
15-01-2015,1952,1,1
15-01-2015,1953,1,1
15-01-2015,1954,1,1
15-01-2015,1955,1,1
15-01-2015,1956,1,1
15-01-2015,1957,1,1
15-01-2015,1958,1,1
15-01-2015,1959,1,1
15-01-2015,1960,1,1
15-01-2015,1961,1,1
15-01-2015,1962,1,1
15-01-2015,1963,1,1
15-01-2015,1964,1,1
15-01-2015,1965,1,1
15-01-2015,1966,1,1
15-01-2015,1967,1,1
15-01-2015,1968,1,1
15-01-2015,1969,1,1
15-01-2015,1970,1,1
15-01-2015,1971,1,1
15-01-2015,1972,1,1
15-01-2015,1973,1,1
15-01-2015,1974,1,1
15-01-2015,1975,1,1
15-01-2015,1976,1,1
15-01-2015,1977,1,1
15-01-2015,1978,1,1
15-01-2015,1979,1,1
15-01-2015,1980,1,1
15-01-2015,1981,1,1
15-01-2015,1982,1,1
15-01-2015,1983,1,1
15-01-2015,1984,1,1
15-01-2015,1985,1,1
15-01-2015,1986,1,1
15-01-2015,1987,1,1
15-01-2015,1988,1,1
15-01-2015,1989,1,1
15-01-2015,1990,1,1
15-01-2015,1991,1,1
15-01-2015,1993,1,1
15-01-2015,1994,1,1
15-01-2015,1995,1,1
15-01-2015,1996,1,1
15-01-2015,1997,1,1
15-01-2015,1998,1,1
15-01-2015,1999,1,1
15-01-2015,2000,1,1
15-01-2015,2001,1,1
15-01-2015,2002,1,1
15-01-2015,2003,1,1
15-01-2015,2004,1,1
15-01-2015,2005,1,1
15-01-2015,2006,1,1
15-01-2015,2007,1,1
15-01-2015,2008,1,1
15-01-2015,2009,1,1
15-01-2015,2010,1,1
15-01-2015,2011,1,1
15-01-2015,2012,1,1
15-01-2015,2013,1,1
15-01-2015,2014,1,1
15-01-2015,2015,1,1
15-01-2015,2016,1,1
15-01-2015,2018,1,1
15-01-2015,2019,1,1
15-01-2015,2020,1,1
15-01-2015,2021,1,1
15-01-2015,2022,1,1
15-01-2015,2023,1,1
15-01-2015,2024,1,1
15-01-2015,2025,1,1
15-01-2015,2026,1,1
15-01-2015,2027,1,1
15-01-2015,2028,1,1
15-01-2015,2029,1,1
15-01-2015,2030,1,1
15-01-2015,2031,1,1
15-01-2015,2032,1,1
15-01-2015,2033,1,1
15-01-2015,2034,1,1
16-01-2015,2035,1,1
16-01-2015,2036,1,1
16-01-2015,2037,1,1
16-01-2015,2038,1,1
16-01-2015,2039,1,1
16-01-2015,2040,1,1
16-01-2015,2041,1,1
16-01-2015,2042,1,1
16-01-2015,2043,1,1
16-01-2015,2044,1,1
16-01-2015,2045,1,1
16-01-2015,2046,1,1
16-01-2015,2047,1,1
16-01-2015,2048,1,1
16-01-2015,2049,1,1
16-01-2015,2050,1,1
16-01-2015,2051,1,1
16-01-2015,2052,1,1
16-01-2015,2053,1,1
16-01-2015,2054,1,1
16-01-2015,2055,1,1
16-01-2015,2056,1,1
16-01-2015,2058,1,1
16-01-2015,2059,1,1
16-01-2015,2060,1,1
16-01-2015,2061,1,1
16-01-2015,2062,1,1
16-01-2015,2063,1,1
