order_details_id,order_id,pizza_id,quantity
1,1,1,1
2,2,2,1
3,2,3,1
4,2,4,1
5,2,5,1
6,2,6,1
7,3,7,1
8,3,8,1
9,4,9,1
10,5,10,1
11,6,11,1
12,6,12,1
13,7,13,1
14,8,14,1
15,9,15,1
16,9,16,1
17,9,17,1
18,9,18,1
19,9,19,1
20,9,20,1
21,9,21,1
22,9,22,1
23,9,23,1
24,10,24,1
25,10,25,1
26,11,26,1
27,11,27,1
28,11,28,1
29,11,29,1
30,12,30,1
31,12,31,1
32,12,32,1
33,12,33,1
34,13,34,1
35,14,35,1
36,15,36,1
37,15,37,1
38,15,38,1
39,15,39,1
40,16,40,1
41,16,41,1
42,16,42,1
43,17,43,1
44,17,44,1
45,17,45,1
46,17,46,1
47,17,47,1
48,17,48,1
49,17,49,2
50,17,50,1
51,17,51,1
52,17,52,1
53,18,53,1
54,19,54,1
55,19,55,1
56,20,56,1
57,20,57,1
58,21,58,1
59,22,59,1
60,22,60,1
61,22,61,1
62,23,62,1
63,24,63,1
64,24,64,1
65,24,65,1
66,24,66,1
67,25,67,1
68,25,68,1
69,26,69,1
70,26,70,1
71,27,71,1
72,27,72,1
73,27,73,1
74,28,74,1
75,29,75,1
76,30,76,1
77,31,77,1
78,31,78,1
79,32,79,1
80,32,80,1
81,32,81,1
82,32,82,1
83,33,83,1
84,33,84,1
85,34,85,1
86,35,86,1
87,35,87,1
88,35,88,1
89,35,89,1
90,36,90,1
91,36,91,1
92,37,92,1
93,37,93,1
94,38,94,1
95,38,95,1
96,39,96,1
97,40,97,1
98,40,98,1
99,41,99,1
100,41,100,1
101,42,101,1
102,42,102,1
103,42,103,1
104,42,104,1
105,43,105,1
106,43,106,1
107,43,107,1
108,44,108,1
109,45,109,1
110,45,110,1
111,45,111,1
112,46,112,1
113,46,113,1
114,46,114,1
115,47,115,1
116,47,116,1
117,48,117,1
118,48,118,1
119,48,119,1
120,48,120,1
121,49,121,1
122,51,123,1
123,51,124,1
124,52,125,1
125,52,126,1
126,52,127,1
127,53,128,1
128,53,129,1
129,54,130,1
130,54,131,1
131,55,132,1
132,55,133,1
133,56,134,1
134,56,135,1
135,56,136,1
136,57,137,1
137,58,138,1
138,58,139,1
139,59,140,1
140,59,141,1
141,59,142,1
142,60,143,1
143,60,144,1
144,61,145,1
145,61,146,1
146,62,147,1
147,62,148,1
148,63,149,1
149,64,150,1
150,65,151,1
151,65,152,1
152,65,153,1
153,65,154,1
154,66,155,1
155,66,156,1
156,67,157,1
157,68,158,1
158,68,159,1
159,68,160,1
160,69,161,1
161,70,162,1
162,70,163,1
163,71,164,1
164,72,165,1
165,73,166,1
166,74,167,1
167,74,168,1
168,74,169,1
169,74,170,1
170,75,171,1
171,75,172,1
172,75,173,1
173,76,174,1
174,76,175,1
175,76,176,1
176,76,177,1
177,77,178,1
178,77,179,1
179,78,180,1
180,78,181,1
181,78,182,1
182,78,183,1
183,78,184,3
184,78,185,1
185,79,186,1
186,79,187,1
187,79,188,1
188,80,189,1
189,80,190,1
190,81,191,1
191,82,192,1
192,82,193,1
193,82,194,1
194,82,195,1
195,83,196,1
196,84,197,1
197,85,198,1
198,85,199,1
199,85,200,1
200,85,201,1
201,86,202,1
202,87,203,1
203,87,204,1
204,87,205,1
205,87,206,1
206,88,207,1
207,89,208,1
208,89,209,1
209,90,210,1
210,90,211,1
211,91,212,2
212,91,213,1
213,91,214,1
214,92,215,1
215,92,216,1
216,92,217,1
217,92,218,1
218,92,219,1
219,92,220,1
220,92,221,1
221,92,222,1
222,92,223,2
223,93,224,1
224,94,225,1
225,94,226,1
226,95,227,1
227,95,228,1
228,96,229,1
229,97,230,1
230,98,231,1
231,98,232,1
232,99,233,1
233,100,234,1
234,101,235,1
235,101,236,1
236,101,237,1
237,101,238,1
238,102,239,1
239,102,240,1
240,103,241,1
241,104,242,1
242,104,243,1
243,104,244,1
244,104,245,1
245,105,246,2
246,105,247,1
247,105,248,1
248,106,249,1
249,106,250,1
250,107,251,1
251,107,252,1
252,107,253,1
253,107,254,1
254,108,255,1
255,108,256,1
256,108,257,1
257,109,258,1
258,109,259,1
259,109,260,1
260,109,261,1
261,110,262,1
262,110,263,1
263,110,264,1
264,110,265,1
265,111,266,1
266,111,267,1
267,111,268,1
268,111,269,1
269,112,270,1
270,113,271,1
271,113,272,1
272,113,273,1
273,114,274,1
274,114,275,1
275,115,276,1
276,115,277,1
277,115,278,1
278,116,279,1
279,117,280,1
280,117,281,1
281,118,282,1
282,118,283,1
283,119,284,1
284,120,285,1
285,120,286,1
286,120,287,1
287,121,288,1
288,121,289,1
289,121,290,1
290,121,291,1
291,122,292,1
292,123,293,1
293,124,294,1
294,124,295,1
295,124,296,1
296,124,297,1
297,126,299,1
298,127,300,1
299,128,301,1
300,129,302,1
301,129,303,1
302,130,304,1
303,130,305,1
304,130,306,1
305,130,307,1
306,131,308,1
307,131,309,1
308,131,310,1
309,131,311,1
310,132,312,1
311,133,313,1
312,133,314,1
313,133,315,1
314,134,316,1
315,134,317,1
316,134,318,1
317,135,319,1
318,136,320,1
319,136,321,1
320,137,322,1
321,137,323,1
322,137,324,1
323,138,325,1
324,138,326,1
325,138,327,1
326,138,328,1
327,139,329,1
328,140,330,1
329,140,331,1
330,141,332,1
331,142,333,1
332,143,334,1
333,143,335,1
334,143,336,1
335,143,337,1
336,143,338,1
337,143,339,1
338,143,340,1
339,143,341,1
340,144,342,3
341,144,343,1
342,144,344,1
343,144,345,1
344,144,346,1
345,144,347,1
346,144,348,1
347,144,349,1
348,144,350,1
349,144,351,1
350,144,352,1
351,144,353,1
352,145,354,1
353,146,355,1
354,146,356,1
355,146,357,1
356,148,359,1
357,149,360,1
358,150,361,1
359,151,362,1
360,151,363,1
361,152,364,1
362,152,365,1
363,152,366,1
364,152,367,1
365,153,368,1
366,154,369,1
367,155,370,1
368,155,371,1
369,155,372,1
370,155,373,1
371,156,374,1
372,156,375,1
373,157,376,1
374,157,377,1
375,157,378,1
376,157,379,1
377,158,380,1
378,158,381,1
379,159,382,1
380,159,383,1
381,160,384,1
382,161,385,1
383,161,386,1
384,162,388,1
385,163,389,1
386,163,390,1
387,163,391,1
388,164,392,1
389,164,393,1
390,165,394,1
391,166,395,1
392,167,396,1
393,167,397,1
394,167,398,1
395,168,399,1
396,168,400,1
397,169,401,1
398,169,402,1
399,169,403,1
400,170,404,1
401,171,405,1
402,172,406,1
403,172,407,1
404,172,408,1
405,173,409,1
406,173,410,1
407,173,411,1
408,174,412,1
409,174,413,1
410,174,414,1
411,174,415,1
412,175,416,1
413,176,417,1
414,176,418,1
415,177,419,1
416,177,420,1
417,178,421,1
418,179,422,1
419,179,423,1
420,179,424,1
421,180,425,1
422,180,426,1
423,181,427,1
424,182,428,1
425,182,429,1
426,183,430,1
427,183,431,1
428,183,432,1
429,184,433,1
430,185,434,1
431,185,435,1
432,186,436,1
433,186,437,1
434,186,438,1
435,186,439,1
436,187,440,1
437,187,441,1
438,188,442,1
439,188,443,1
440,188,444,1
441,189,445,2
442,189,446,1
443,190,447,1
444,190,448,1
445,190,449,1
446,190,450,1
447,191,451,1
448,191,452,1
449,192,453,1
450,192,454,1
451,193,455,1
452,193,456,1
453,193,457,2
454,194,458,1
455,195,459,1
456,196,460,1
457,196,461,1
458,196,462,1
459,197,463,1
460,197,464,1
461,197,465,1
462,197,466,1
463,198,467,1
464,198,468,1
465,199,469,1
466,201,471,1
467,201,472,1
468,201,473,1
469,202,475,1
470,203,476,1
471,203,477,1
472,203,478,1
473,203,479,1
474,204,480,1
475,205,481,1
476,205,482,1
477,205,483,1
478,206,484,1
479,206,485,1
480,206,486,1
481,207,487,1
482,208,488,1
483,208,489,1
484,208,490,1
485,208,491,1
486,208,492,1
487,209,493,1
488,210,494,1
489,211,495,1
490,212,496,1
491,213,497,1
492,214,498,1
493,214,499,1
494,214,500,1
495,214,501,1
496,215,502,1
497,216,503,1
498,216,504,1
499,216,505,1
500,217,506,1
501,217,507,1
502,218,508,1
503,219,509,1
504,219,510,1
505,219,511,1
506,219,512,1
507,220,513,1
508,220,514,1
509,220,515,1
510,220,516,1
511,221,517,1
512,221,518,1
513,221,519,1
514,222,520,1
515,222,521,1
516,223,522,1
517,224,523,1
518,224,524,1
519,224,525,1
520,224,526,1
521,225,527,1
522,225,528,1
523,225,529,1
524,226,530,1
525,227,531,1
526,227,532,1
527,228,533,1
528,229,534,1
529,229,535,1
530,229,536,1
531,230,537,1
532,231,538,1
533,231,539,1
534,231,540,1
535,232,541,1
536,232,542,1
537,233,543,1
538,234,544,1
539,234,545,1
540,234,546,1
541,235,547,1
542,236,548,1
543,236,549,1
544,237,550,1
545,238,551,1
546,239,552,1
547,239,553,1
548,240,554,1
549,241,555,1
550,241,556,1
551,242,557,1
552,242,558,1
553,242,559,1
554,243,560,1
555,243,561,1
556,244,562,1
557,244,563,1
558,245,564,1
559,245,565,1
560,246,566,1
561,246,567,1
562,247,568,1
563,247,569,1
564,247,570,1
565,248,571,1
566,248,572,1
567,249,573,1
568,249,574,1
569,250,575,1
570,251,576,1
571,252,577,1
572,253,578,1
573,254,579,1
574,254,580,1
575,254,581,1
576,255,582,1
577,255,583,1
578,255,584,1
579,255,585,1
580,256,586,1
581,257,587,1
582,257,588,1
583,258,589,1
584,259,590,1
585,260,591,1
586,260,592,1
587,261,593,1
588,262,594,1
589,263,595,1
590,264,596,1
591,265,597,1
592,265,598,1
593,265,599,1
594,265,600,1
595,266,601,1
596,267,602,1
597,267,603,1
598,267,604,1
599,268,605,1
600,268,606,1
601,269,607,1
602,270,608,1
603,270,609,1
604,270,610,1
605,271,611,1
606,271,612,2
607,271,613,2
608,271,614,2
609,271,615,1
610,271,616,1
611,271,617,1
612,271,618,1
613,271,619,1
614,271,620,1
615,272,621,1
616,273,622,1
617,274,623,1
618,274,624,1
619,275,625,1
620,275,626,1
621,275,627,1
622,275,628,1
623,276,629,1
624,276,630,1
625,277,631,1
626,278,632,1
627,278,633,1
628,279,634,1
629,279,635,1
630,280,636,1
631,280,637,1
632,281,638,1
633,282,639,1
634,282,640,1
635,282,641,1
636,282,642,1
637,283,643,1
638,284,644,1
639,284,645,1
640,284,646,1
641,285,647,1
642,286,648,1
643,286,649,1
644,287,650,1
645,287,651,1
646,287,652,1
647,287,653,1
648,288,654,1
649,288,655,1
650,288,656,1
651,289,657,1
652,290,658,1
653,290,659,1
654,291,660,1
655,291,661,2
656,291,662,1
657,292,663,1
658,292,664,1
659,293,665,1
660,293,666,1
661,294,667,1
662,294,668,1
663,294,669,1
664,295,670,1
665,296,671,1
666,296,672,1
667,296,673,1
668,297,674,1
669,298,675,1
670,298,676,1
671,298,677,1
672,298,678,1
673,299,679,1
674,299,680,1
675,300,681,1
676,300,682,1
677,300,683,1
678,300,684,1
679,301,685,1
680,302,686,1
681,303,687,1
682,303,688,1
683,303,689,1
684,304,690,1
685,304,691,1
686,305,692,1
687,305,693,1
688,305,694,1
689,306,695,1
690,306,696,1
691,306,697,1
692,307,698,1
693,307,699,1
694,308,700,1
695,308,701,1
696,308,702,1
697,309,703,1
698,309,704,1
699,310,705,1
700,310,706,1
701,311,707,1
702,312,708,1
703,312,709,1
704,312,710,1
705,312,711,1
706,313,712,1
707,314,713,1
708,314,714,1
709,314,715,1
710,314,716,1
711,314,717,1
712,315,718,1
713,316,719,1
714,316,720,1
715,317,721,1
716,317,722,1
717,317,723,1
718,317,724,1
719,317,725,1
720,317,726,1
721,317,727,1
722,318,728,1
723,318,729,1
724,318,730,1
725,318,731,1
726,319,732,1
727,320,733,1
728,320,734,1
729,321,735,1
730,322,736,1
731,322,737,1
732,322,738,1
733,322,739,1
734,323,740,1
735,324,741,1
736,325,742,1
737,325,743,1
738,326,744,1
739,326,745,1
740,327,746,1
741,328,747,1
742,329,748,1
743,329,749,1
744,330,750,1
745,330,751,1
746,330,752,1
747,330,753,1
748,330,754,1
749,330,755,2
750,330,756,1
751,330,757,1
752,330,758,1
753,330,759,1
754,330,760,1
755,330,761,1
756,330,762,1
757,330,763,1
758,331,764,1
759,332,765,1
760,332,766,1
761,332,767,1
762,333,768,1
763,334,769,1
764,334,770,1
765,334,771,1
766,334,772,1
767,335,773,1
768,336,774,1
769,337,775,1
770,337,776,1
771,338,777,1
772,338,778,1
773,339,780,1
774,340,781,1
775,341,782,1
776,341,783,1
777,342,784,1
778,342,785,1
779,343,786,1
780,343,787,1
781,344,788,1
782,345,789,1
783,345,790,1
784,346,791,1
785,346,792,1
786,346,793,1
787,346,794,1
788,347,795,1
789,347,796,1
790,347,797,1
791,348,798,1
792,348,799,1
793,348,800,1
794,349,801,1
795,350,802,1
796,350,803,2
797,350,804,1
798,351,805,1
799,351,806,1
800,352,807,1
801,352,808,1
802,353,809,1
803,353,810,1
804,353,811,1
805,354,812,1
806,354,813,1
807,355,814,1
808,355,815,1
809,356,816,1
810,357,817,1
811,357,818,1
812,357,819,1
813,358,820,1
814,359,821,1
815,359,822,1
816,360,823,1
817,360,824,1
818,360,825,1
819,361,826,2
820,361,827,1
821,362,828,1
822,362,829,1
823,363,830,1
824,363,831,1
825,364,832,1
826,365,834,1
827,365,835,1
828,365,836,1
829,366,837,1
830,367,838,1
831,367,839,1
832,368,840,1
833,368,841,1
834,369,842,1
835,370,843,1
836,370,844,1
837,371,845,1
838,372,846,1
839,373,847,1
840,373,848,1
841,373,849,1
842,374,850,1
843,374,851,1
844,374,852,1
845,375,853,1
846,376,855,1
847,377,856,1
848,377,857,1
849,378,858,1
850,379,859,1
851,380,860,1
852,380,861,1
853,381,862,1
854,382,863,1
855,382,864,1
856,383,865,1
857,384,866,1
858,384,867,1
859,384,868,1
860,384,869,1
861,385,870,1
862,386,871,1
863,386,872,1
864,386,873,1
865,387,874,1
866,387,875,1
867,387,876,1
868,387,877,1
869,387,878,1
870,387,879,1
871,387,880,1
872,388,881,1
873,388,882,1
874,388,883,1
875,388,884,1
876,389,885,1
877,390,886,1
878,391,887,1
879,392,888,1
880,392,889,1
881,392,890,1
882,392,891,2
883,392,892,1
884,392,893,1
885,392,894,1
886,392,895,1
887,393,896,1
888,393,897,1
889,394,898,1
890,394,899,1
891,394,900,1
892,394,901,1
893,394,902,1
894,394,903,3
895,394,904,1
896,394,905,1
897,394,906,1
898,394,907,1
899,394,908,1
900,394,909,1
901,395,910,1
902,396,911,1
903,397,912,2
904,397,913,1
905,397,914,1
906,398,915,1
907,399,916,1
908,399,917,1
909,399,918,1
910,399,919,1
911,400,920,1
912,400,921,1
913,401,922,1
914,402,923,1
915,402,924,1
916,403,925,1
917,403,926,1
918,403,927,1
919,404,928,1
920,405,929,1
921,406,930,1
922,406,931,1
923,406,932,1
924,407,933,1
925,407,934,1
926,407,935,1
927,408,936,1
928,408,937,1
929,409,938,1
930,410,939,2
931,410,940,1
932,411,942,1
933,411,943,1
934,412,944,1
935,412,945,1
936,413,946,1
937,414,947,1
938,414,948,1
939,414,949,1
940,415,950,1
941,416,951,1
942,417,952,1
943,418,953,1
944,418,954,1
945,419,955,1
946,419,956,1
947,419,957,1
948,419,958,1
949,420,959,1
950,420,960,1
951,421,961,1
952,421,962,1
953,421,963,1
954,422,964,1
955,422,965,1
956,422,966,1
957,423,967,1
958,423,968,1
959,424,969,1
960,425,970,1
961,426,971,1
962,426,972,1
963,426,973,1
964,427,974,1
965,428,975,1
966,428,976,1
967,429,977,1
968,430,978,1
969,430,979,1
970,431,980,1
971,431,981,1
972,431,982,1
973,431,983,1
974,432,984,1
975,432,985,1
976,432,986,1
977,433,987,1
978,434,988,1
979,434,989,1
980,434,990,1
981,435,991,1
982,435,992,1
983,435,993,1
984,436,994,1
985,436,995,1
986,436,996,1
987,436,997,1
988,437,998,1
989,438,999,1
990,439,1000,1
991,439,1001,1
992,439,1002,1
993,440,1003,1
994,440,1004,1
995,440,1005,1
996,440,1006,1
997,440,1007,1
998,440,1008,1
999,440,1009,1
1000,440,1010,1
1001,440,1011,1
1002,440,1012,1
1003,440,1013,1
1004,440,1014,1
1005,440,1015,1
1006,440,1016,1
1007,441,1017,1
1008,441,1018,1
1009,442,1019,1
1010,443,1020,1
1011,443,1021,2
1012,443,1022,1
1013,443,1023,1
1014,443,1024,1
1015,443,1025,1
1016,443,1026,1
1017,443,1027,1
1018,443,1028,1
1019,443,1029,1
1020,443,1030,1
1021,443,1031,1
1022,443,1032,1
1023,443,1033,1
1024,444,1034,1
1025,445,1035,1
1026,446,1036,1
1027,446,1037,1
1028,446,1038,1
1029,447,1039,1
1030,448,1040,1
1031,448,1041,1
1032,448,1042,1
1033,449,1043,1
1034,450,1044,1
1035,451,1045,1
1036,451,1046,1
1037,451,1047,1
1038,452,1048,1
1039,452,1049,1
1040,452,1050,1
1041,453,1051,1
1042,453,1052,1
1043,453,1053,1
1044,453,1054,1
1045,454,1055,1
1046,455,1056,1
1047,456,1057,1
1048,457,1058,1
1049,457,1059,1
1050,457,1060,1
1051,458,1061,1
1052,458,1062,1
1053,458,1063,1
1054,459,1064,1
1055,460,1065,1
1056,460,1066,1
1057,461,1067,1
1058,461,1068,1
1059,462,1069,1
1060,463,1070,1
1061,463,1071,1
1062,464,1072,1
1063,464,1073,1
1064,465,1074,1
1065,466,1075,1
1066,467,1077,1
1067,468,1078,1
1068,468,1079,1
1069,469,1080,1
1070,469,1081,1
1071,470,1082,1
1072,471,1083,1
1073,472,1084,1
1074,472,1085,1
1075,473,1086,1
1076,473,1087,1
1077,473,1088,1
1078,474,1089,1
1079,474,1090,1
1080,475,1091,1
1081,475,1092,1
1082,476,1093,1
1083,476,1094,1
1084,476,1095,1
1085,477,1096,1
1086,477,1097,1
1087,478,1098,1
1088,478,1099,1
1089,479,1100,1
1090,479,1101,2
1091,480,1102,1
1092,481,1103,1
1093,481,1104,1
1094,482,1105,1
1095,482,1106,1
1096,482,1107,1
1097,483,1108,1
1098,483,1109,1
1099,483,1110,1
1100,483,1111,1
1101,484,1112,1
1102,484,1113,1
1103,485,1114,1
1104,486,1115,1
1105,487,1116,1
1106,487,1117,1
1107,487,1118,1
1108,488,1119,1
1109,489,1120,1
1110,490,1121,1
1111,490,1122,1
1112,490,1123,1
1113,491,1124,1
1114,491,1125,1
1115,491,1126,1
1116,491,1127,1
1117,492,1128,1
1118,492,1129,1
1119,492,1130,1
1120,493,1131,1
1121,494,1132,1
1122,494,1133,1
1123,494,1134,1
1124,494,1135,1
1125,495,1136,1
1126,495,1137,1
1127,496,1138,1
1128,496,1139,1
1129,497,1140,1
1130,498,1141,1
1131,499,1142,1
1132,499,1143,1
1133,499,1144,1
1134,499,1145,1
1135,500,1146,1
1136,501,1147,1
1137,501,1148,1
1138,501,1149,1
1139,502,1150,1
1140,503,1151,1
1141,503,1152,1
1142,504,1153,1
1143,505,1154,1
1144,506,1156,1
1145,507,1157,1
1146,508,1158,1
1147,508,1159,1
1148,508,1160,1
1149,509,1161,1
1150,510,1162,1
1151,510,1163,1
1152,510,1164,1
1153,510,1165,1
1154,511,1166,1
1155,512,1167,1
1156,513,1168,1
1157,513,1169,1
1158,513,1170,1
1159,513,1171,1
1160,514,1172,1
1161,515,1173,1
1162,515,1174,1
1163,516,1175,1
1164,516,1176,1
1165,517,1177,1
1166,518,1178,1
1167,518,1179,1
1168,518,1180,1
1169,519,1181,1
1170,520,1182,1
1171,521,1183,1
1172,522,1184,1
1173,522,1185,1
1174,522,1186,1
1175,522,1187,1
1176,522,1188,2
1177,522,1189,1
1178,522,1190,2
1179,522,1191,1
1180,522,1192,1
1181,522,1193,1
1182,522,1194,1
1183,523,1195,1
1184,524,1196,1
1185,524,1197,1
1186,525,1198,1
1187,526,1199,1
1188,526,1200,1
1189,527,1201,1
1190,527,1202,1
1191,528,1203,1
1192,529,1204,1
1193,529,1205,2
1194,529,1206,1
1195,530,1207,1
1196,530,1208,1
1197,531,1209,2
1198,532,1210,1
1199,532,1211,1
1200,533,1212,1
1201,533,1213,1
1202,534,1215,1
1203,534,1216,1
1204,535,1217,1
1205,536,1218,1
1206,536,1219,1
1207,537,1220,1
1208,537,1221,1
1209,537,1222,1
1210,538,1223,1
1211,539,1224,1
1212,539,1225,1
1213,539,1226,1
1214,540,1227,1
1215,541,1228,1
1216,542,1229,1
1217,542,1230,1
1218,543,1231,1
1219,543,1232,1
1220,543,1233,1
1221,544,1234,1
1222,544,1235,1
1223,545,1236,1
1224,545,1237,1
1225,545,1238,1
1226,545,1239,1
1227,546,1240,1
1228,547,1241,1
1229,548,1242,1
1230,549,1243,1
1231,549,1244,1
1232,550,1245,1
1233,550,1246,1
1234,551,1247,1
1235,551,1248,1
1236,551,1249,1
1237,551,1250,1
1238,552,1251,1
1239,552,1252,1
1240,552,1253,1
1241,553,1254,1
1242,554,1255,1
1243,554,1256,1
1244,555,1257,1
1245,555,1258,1
1246,556,1259,1
1247,557,1261,1
1248,557,1262,1
1249,558,1263,1
1250,559,1264,1
1251,560,1265,1
1252,560,1266,1
1253,561,1267,1
1254,562,1268,1
1255,563,1269,1
1256,563,1270,1
1257,564,1271,1
1258,564,1272,1
1259,564,1273,1
1260,565,1274,1
1261,566,1275,1
1262,567,1276,1
1263,567,1277,2
1264,567,1278,1
1265,567,1279,1
1266,567,1280,1
1267,567,1281,1
1268,567,1282,1
1269,567,1283,1
1270,567,1284,1
1271,567,1285,1
1272,568,1286,1
1273,569,1287,1
1274,569,1288,1
1275,569,1289,1
1276,570,1290,1
1277,570,1291,1
1278,571,1292,1
1279,572,1293,1
1280,573,1294,1
1281,573,1295,1
1282,574,1296,1
1283,575,1297,1
1284,575,1298,1
1285,575,1299,1
1286,575,1300,1
1287,576,1301,1
1288,576,1302,1
1289,576,1303,1
1290,577,1304,1
1291,577,1305,1
1292,578,1306,1
1293,578,1307,1
1294,578,1308,1
1295,578,1309,1
1296,579,1311,1
1297,580,1312,1
1298,580,1313,1
1299,581,1314,1
1300,582,1315,1
1301,583,1316,1
1302,584,1317,1
1303,584,1318,1
1304,585,1319,1
1305,585,1320,1
1306,586,1321,1
1307,586,1322,1
1308,587,1323,1
1309,587,1324,1
1310,588,1325,1
1311,589,1326,1
1312,589,1327,1
1313,589,1328,1
1314,590,1329,1
1315,591,1330,1
1316,591,1331,1
1317,591,1332,1
1318,592,1333,1
1319,592,1334,1
1320,592,1335,1
1321,593,1336,1
1322,593,1337,1
1323,594,1338,1
1324,595,1339,1
1325,595,1340,1
1326,596,1341,1
1327,596,1342,1
1328,597,1343,1
1329,597,1344,1
1330,597,1345,1
1331,598,1346,1
1332,599,1347,1
1333,600,1348,1
1334,600,1349,1
1335,600,1350,1
1336,600,1351,1
1337,601,1352,1
1338,601,1353,1
1339,601,1354,1
1340,602,1355,1
1341,603,1356,1
1342,604,1357,1
1343,604,1358,1
1344,605,1359,1
1345,606,1361,1
1346,607,1362,1
1347,607,1363,1
1348,607,1364,1
1349,608,1365,1
1350,608,1366,1
1351,608,1367,1
1352,608,1368,1
1353,609,1369,1
1354,610,1370,1
1355,610,1371,1
1356,611,1372,1
1357,611,1373,1
1358,611,1374,1
1359,612,1376,1
1360,612,1377,1
1361,612,1378,1
1362,612,1379,1
1363,613,1380,1
1364,614,1381,1
1365,615,1382,1
1366,615,1383,1
1367,616,1384,1
1368,616,1385,1
1369,617,1386,1
1370,617,1387,1
1371,618,1388,1
1372,618,1389,1
1373,619,1390,1
1374,620,1391,1
1375,620,1392,1
1376,620,1393,1
1377,620,1394,1
1378,621,1395,1
1379,621,1396,1
1380,621,1397,1
1381,621,1398,1
1382,622,1399,1
1383,622,1400,1
1384,623,1401,1
1385,623,1402,1
1386,624,1403,1
1387,624,1404,1
1388,625,1405,1
1389,625,1406,1
1390,626,1407,1
1391,626,1408,1
1392,627,1409,1
1393,627,1410,1
1394,628,1411,1
1395,628,1412,1
1396,628,1413,1
1397,628,1414,1
1398,629,1415,1
1399,629,1416,1
1400,629,1417,1
1401,629,1418,1
1402,630,1419,1
1403,631,1420,1
1404,632,1421,1
1405,633,1422,1
1406,633,1423,1
1407,633,1424,1
1408,634,1425,1
1409,635,1426,1
1410,635,1427,2
1411,635,1428,1
1412,635,1429,1
1413,635,1430,1
1414,635,1431,1
1415,635,1432,1
1416,635,1433,1
1417,635,1434,1
1418,635,1435,1
1419,636,1436,1
1420,637,1437,1
1421,637,1438,1
1422,638,1439,1
1423,639,1440,1
1424,640,1441,1
1425,640,1442,1
1426,640,1443,1
1427,641,1444,1
1428,641,1445,1
1429,641,1446,1
1430,641,1447,1
1431,642,1448,1
1432,642,1449,1
1433,642,1450,1
1434,642,1451,1
1435,643,1452,1
1436,644,1453,1
1437,644,1454,1
1438,645,1455,1
1439,645,1456,1
1440,646,1457,1
1441,646,1458,1
1442,647,1459,1
1443,648,1460,1
1444,648,1461,1
1445,649,1462,1
1446,649,1463,1
1447,649,1464,1
1448,649,1465,1
1449,650,1466,1
1450,651,1467,1
1451,651,1468,1
1452,651,1469,1
1453,652,1470,1
1454,652,1471,1
1455,652,1472,1
1456,652,1473,1
1457,653,1474,1
1458,654,1475,1
1459,654,1476,1
1460,654,1477,1
1461,655,1478,1
1462,656,1479,1
1463,656,1480,1
1464,657,1481,1
1465,657,1482,1
1466,658,1483,1
1467,658,1484,1
1468,658,1485,1
1469,659,1486,1
1470,659,1487,1
1471,660,1488,1
1472,660,1489,1
1473,661,1490,1
1474,662,1491,1
1475,662,1492,1
1476,663,1493,1
1477,664,1494,1
1478,664,1495,1
1479,664,1496,1
1480,665,1497,1
1481,665,1498,1
1482,666,1499,1
1483,667,1500,1
1484,667,1501,1
1485,668,1502,1
1486,668,1503,1
1487,668,1504,1
1488,668,1505,1
1489,669,1506,1
1490,669,1507,1
1491,670,1508,1
1492,670,1509,1
1493,671,1510,1
1494,672,1511,1
1495,672,1512,1
1496,673,1513,1
1497,673,1514,1
1498,674,1515,1
1499,674,1516,1
1500,674,1517,1
1501,674,1518,1
1502,675,1519,1
1503,676,1520,1
1504,676,1521,1
1505,677,1522,1
1506,678,1523,1
1507,678,1524,1
1508,678,1525,2
1509,679,1526,1
1510,679,1527,1
1511,679,1528,1
1512,679,1529,1
1513,680,1530,1
1514,680,1531,1
1515,681,1532,1
1516,682,1533,1
1517,683,1534,1
1518,683,1535,1
1519,683,1536,1
1520,684,1537,1
1521,685,1538,1
1522,686,1539,1
1523,687,1540,1
1524,688,1541,1
1525,688,1542,1
1526,689,1543,1
1527,689,1544,1
1528,690,1545,1
1529,691,1546,1
1530,692,1547,1
1531,692,1548,1
1532,693,1549,1
1533,693,1550,1
1534,693,1551,1
1535,693,1552,1
1536,694,1553,1
1537,694,1554,1
1538,694,1555,1
1539,695,1556,1
1540,696,1557,1
1541,696,1558,1
1542,697,1559,1
1543,697,1560,1
1544,698,1561,1
1545,698,1562,1
1546,698,1563,1
1547,699,1564,1
1548,700,1565,1
1549,700,1566,1
1550,700,1567,1
1551,700,1568,1
1552,700,1569,1
1553,701,1570,1
1554,701,1571,1
1555,702,1572,1
1556,702,1573,1
1557,703,1574,1
1558,704,1575,1
1559,704,1576,1
1560,705,1577,1
1561,705,1578,1
1562,705,1579,1
1563,706,1580,1
1564,706,1581,1
1565,707,1582,1
1566,707,1583,1
1567,707,1584,1
1568,708,1585,1
1569,709,1586,1
1570,710,1587,1
1571,710,1588,1
1572,710,1589,1
1573,711,1591,1
1574,711,1592,1
1575,711,1593,1
1576,711,1594,1
1577,712,1595,1
1578,713,1596,1
1579,713,1597,1
1580,714,1598,1
1581,714,1599,1
1582,714,1600,1
1583,714,1601,1
1584,715,1602,1
1585,715,1603,1
1586,715,1604,1
1587,716,1605,1
1588,717,1606,1
1589,717,1607,1
1590,718,1608,1
1591,718,1609,1
1592,719,1610,1
1593,719,1611,1
1594,720,1612,1
1595,720,1613,1
1596,720,1614,1
1597,720,1615,1
1598,721,1616,1
1599,721,1617,1
1600,722,1618,1
1601,722,1619,1
1602,723,1620,1
1603,723,1621,1
1604,724,1622,1
1605,724,1623,1
1606,724,1624,2
1607,725,1625,1
1608,725,1626,1
1609,725,1627,1
1610,726,1629,1
1611,727,1630,1
1612,728,1631,1
1613,728,1632,1
1614,728,1633,1
1615,729,1634,1
1616,729,1635,1
1617,729,1636,1
1618,730,1637,1
1619,731,1638,1
1620,731,1639,1
1621,732,1640,1
1622,733,1641,1
1623,733,1642,1
1624,733,1643,1
1625,733,1644,1
1626,734,1645,1
1627,735,1646,1
1628,735,1647,1
1629,735,1648,1
1630,736,1649,1
1631,736,1650,1
1632,737,1651,1
1633,737,1652,1
1634,738,1653,1
1635,739,1654,1
1636,740,1655,1
1637,740,1656,1
1638,740,1657,2
1639,740,1658,1
1640,740,1659,2
1641,740,1660,1
1642,740,1661,1
1643,740,1662,1
1644,740,1663,1
1645,740,1664,1
1646,740,1665,1
1647,740,1666,1
1648,741,1668,1
1649,742,1669,1
1650,743,1670,1
1651,744,1671,1
1652,745,1672,1
1653,745,1673,1
1654,745,1674,1
1655,745,1675,1
1656,745,1676,1
1657,745,1677,1
1658,745,1678,1
1659,746,1679,1
1660,746,1680,1
1661,747,1681,1
1662,747,1682,1
1663,747,1683,1
1664,748,1684,1
1665,749,1685,1
1666,750,1686,1
1667,751,1687,1
1668,751,1688,1
1669,751,1689,1
1670,751,1690,1
1671,752,1691,1
1672,752,1692,1
1673,753,1693,1
1674,753,1694,1
1675,753,1695,1
1676,753,1696,1
1677,754,1697,1
1678,754,1698,1
1679,755,1699,1
1680,755,1700,1
1681,756,1701,1
1682,756,1702,1
1683,756,1703,1
1684,757,1704,1
1685,757,1705,1
1686,757,1706,1
1687,757,1707,1
1688,758,1708,1
1689,758,1709,1
1690,759,1710,1
1691,760,1711,1
1692,761,1712,1
1693,761,1713,1
1694,762,1714,1
1695,762,1715,1
1696,762,1716,1
1697,763,1718,1
1698,764,1719,1
1699,765,1721,1
1700,765,1722,1
1701,765,1723,1
1702,765,1724,1
1703,766,1725,1
1704,766,1726,1
1705,766,1727,1
1706,767,1728,1
1707,768,1729,1
1708,769,1730,1
1709,770,1731,1
1710,770,1732,1
1711,771,1733,1
1712,771,1734,1
1713,772,1735,1
1714,773,1736,1
1715,773,1737,1
1716,774,1738,1
1717,774,1739,1
1718,775,1740,1
1719,775,1741,1
1720,775,1742,1
1721,775,1743,1
1722,776,1744,1
1723,776,1745,2
1724,777,1746,1
1725,777,1747,1
1726,778,1748,1
1727,778,1749,1
1728,778,1750,1
1729,778,1751,1
1730,779,1752,1
1731,779,1753,1
1732,779,1754,1
1733,779,1755,1
1734,780,1756,1
1735,780,1757,1
1736,781,1758,1
1737,781,1759,1
1738,781,1760,1
1739,781,1761,1
1740,782,1762,1
1741,782,1763,1
1742,783,1764,1
1743,783,1765,1
1744,783,1766,1
1745,784,1767,1
1746,785,1768,1
1747,785,1769,1
1748,786,1770,1
1749,787,1771,1
1750,787,1772,1
1751,788,1773,1
1752,789,1774,1
1753,790,1775,1
1754,790,1776,1
1755,791,1777,1
1756,791,1778,1
1757,792,1779,1
1758,792,1780,1
1759,792,1781,1
1760,792,1782,1
1761,792,1783,1
1762,792,1784,2
1763,792,1785,1
1764,793,1786,1
1765,794,1787,1
1766,795,1788,1
1767,796,1789,1
1768,797,1790,1
1769,797,1791,1
1770,797,1792,1
1771,798,1793,1
1772,798,1794,1
1773,798,1795,1
1774,798,1796,1
1775,799,1797,1
1776,799,1798,1
1777,799,1799,1
1778,800,1800,2
1779,800,1801,1
1780,800,1802,1
1781,800,1803,1
1782,800,1804,2
1783,800,1805,1
1784,801,1806,1
1785,801,1807,1
1786,801,1808,1
1787,801,1809,1
1788,801,1810,1
1789,801,1811,1
1790,801,1812,2
1791,801,1813,1
1792,801,1814,1
1793,801,1815,1
1794,801,1816,1
1795,801,1817,1
1796,802,1818,1
1797,802,1819,1
1798,803,1820,1
1799,804,1821,1
1800,805,1822,1
1801,805,1823,1
1802,806,1824,1
1803,807,1825,1
1804,808,1826,2
1805,809,1827,1
1806,810,1828,1
1807,811,1829,1
1808,812,1830,1
1809,812,1831,1
1810,813,1832,1
1811,813,1833,1
1812,814,1834,1
1813,814,1835,1
1814,815,1836,1
1815,816,1837,1
1816,816,1838,1
1817,817,1839,1
1818,817,1840,1
1819,817,1841,1
1820,817,1842,1
1821,818,1843,1
1822,818,1844,1
1823,818,1845,1
1824,819,1846,1
1825,819,1847,1
1826,820,1848,1
1827,820,1849,1
1828,821,1850,1
1829,823,1852,1
1830,823,1853,1
1831,823,1854,1
1832,824,1855,1
1833,824,1856,1
1834,824,1857,1
1835,824,1858,1
1836,825,1859,1
1837,825,1860,1
1838,826,1861,1
1839,826,1862,1
1840,826,1863,1
1841,827,1864,1
1842,827,1865,1
1843,828,1866,1
1844,828,1867,1
1845,829,1868,1
1846,829,1869,1
1847,829,1870,1
1848,829,1871,1
1849,830,1872,1
1850,830,1873,1
1851,830,1874,1
1852,831,1875,1
1853,831,1876,1
1854,831,1877,1
1855,831,1878,1
1856,832,1879,1
1857,833,1880,1
1858,833,1881,1
1859,834,1882,1
1860,834,1883,1
1861,834,1884,1
1862,834,1885,1
1863,835,1886,1
1864,835,1887,1
1865,835,1888,1
1866,835,1889,1
1867,836,1890,1
1868,836,1891,1
1869,836,1892,1
1870,837,1894,1
1871,838,1895,1
1872,838,1896,1
1873,838,1897,1
1874,839,1898,2
1875,840,1899,1
1876,841,1900,1
1877,842,1901,1
1878,842,1902,1
1879,842,1903,1
1880,843,1904,1
1881,844,1905,1
1882,845,1906,1
1883,845,1907,1
1884,845,1908,1
1885,845,1909,1
1886,846,1910,1
1887,846,1911,1
1888,847,1912,1
1889,848,1913,1
1890,849,1914,1
1891,849,1915,1
1892,849,1916,1
1893,849,1917,1
1894,850,1918,1
1895,850,1919,1
1896,850,1920,1
1897,851,1921,1
1898,852,1922,1
1899,853,1923,1
1900,854,1924,1
1901,854,1925,1
1902,855,1926,1
1903,855,1927,1
1904,855,1928,1
1905,855,1929,1
1906,855,1930,1
1907,856,1931,1
1908,857,1932,1
1909,858,1933,1
1910,858,1934,1
1911,858,1935,1
1912,859,1936,1
1913,859,1937,1
1914,859,1938,1
1915,859,1939,1
1916,860,1940,1
1917,860,1941,1
1918,861,1942,1
1919,862,1943,1
1920,863,1944,1
1921,864,1945,1
1922,864,1946,1
1923,864,1947,1
1924,864,1948,1
1925,864,1949,1
1926,864,1950,1
1927,864,1951,1
1928,864,1952,1
1929,864,1953,1
1930,865,1954,1
1931,866,1955,1
1932,867,1956,1
1933,867,1957,1
1934,868,1958,1
1935,869,1959,1
1936,869,1960,1
1937,870,1961,1
1938,870,1962,1
1939,871,1963,1
1940,872,1964,1
1941,873,1965,1
1942,874,1966,1
1943,874,1967,1
1944,875,1968,1
1945,876,1969,1
1946,876,1970,1
1947,876,1971,1
1948,877,1972,1
1949,878,1973,1
1950,879,1974,1
1951,879,1975,1
1952,879,1976,1
1953,880,1977,1
1954,880,1978,1
1955,881,1979,1
1956,881,1980,1
1957,882,1981,1
1958,882,1982,1
1959,882,1983,1
1960,883,1984,1
1961,883,1985,1
1962,883,1986,1
1963,883,1987,1
1964,884,1988,1
1965,885,1989,1
1966,885,1990,1
1967,885,1991,1
1968,886,1993,1
1969,886,1994,1
1970,886,1995,1
1971,887,1996,1
1972,887,1997,1
1973,888,1998,1
1974,888,1999,1
1975,889,2000,1
1976,890,2001,1
1977,891,2002,1
1978,892,2003,1
1979,892,2004,1
1980,893,2005,1
1981,894,2006,1
1982,895,2007,1
1983,895,2008,1
1984,895,2009,1
1985,896,2010,1
1986,896,2011,1
1987,897,2012,1
1988,897,2013,1
1989,897,2014,1
1990,898,2015,1
1991,899,2016,1
1992,900,2018,1
1993,900,2019,1
1994,901,2020,1
1995,902,2021,1
1996,903,2022,1
1997,903,2023,1
1998,903,2024,1
1999,904,2025,1
2000,904,2026,1
2001,905,2027,1
2002,905,2028,1
2003,905,2029,1
2004,906,2030,1
2005,906,2031,1
2006,907,2032,1
2007,908,2033,1
2008,908,2034,1
2009,909,2035,1
2010,909,2036,1
2011,909,2037,1
2012,910,2038,1
2013,910,2039,1
2014,910,2040,1
2015,911,2041,1
2016,911,2042,1
2017,912,2043,1
2018,913,2044,1
2019,914,2045,1
2020,915,2046,1
2021,915,2047,1
2022,915,2048,1
2023,915,2049,1
2024,915,2050,1
2025,915,2051,1
2026,915,2052,1
2027,915,2053,1
2028,916,2054,1
2029,916,2055,1
2030,916,2056,1
2031,917,2058,1
2032,918,2059,1
2033,919,2060,1
2034,920,2061,1
2035,920,2062,1
2036,921,2063,1
